slug,title,author,published,category,section_label,description,hero_image,hero_image_local,source_url
a-brilliant-future-for-the-smart-home-31239,A Brilliant Future for the Smart Home,Gene J. Koprowski,"August 4, 2003 8:11 AM PT",Emerging Tech,TECHNOLOGY SPECIAL REPORT,"Imagine a completely networked home -- a smart home, if you will -- in which every appliance has its own Internet address and can be remotely managed from anywhere on the Internet with a simple Web browser. A few years ago, only small startups and leading-edge visionaries were promoting the idea of smart homes. But today, mainstream homebuilders, local home-networking integrators and even home-furnishings suppliers, such as Sears, are offering goods and services to smarten up your living space.",https://www.technewsworld.com/wp-content/uploads/sites/3/2021/05/2009-wiki-1.jpg,images/a-brilliant-future-for-the-smart-home-31239.jpg,https://www.technewsworld.com/story/a-brilliant-future-for-the-smart-home-31239.html
acxiom-database-hack-highlights-risk-31306,Acxiom Database Hack Highlights Risk,Jay Lyman,"August 11, 2003 8:44 AM PT",Security,,"Consumer information held by Acxiom, one of the largest collectors and processors of such data, was reportedly accessed and downloaded recently by an intruder who broke into the company's massive database. Law enforcement officials, who notified Acxiom of the breach, have arrested a suspect in Ohio. Acxiom claims the unlawful access to files containing personal information did not result in theft or other harm to any individuals. However, security and privacy experts said that as large consumer databases become more valuable, they are more likely to be targeted by attackers.",https://www.technewsworld.com/wp-content/uploads/sites/3/2021/05/acxiom-hack-1.jpg,images/acxiom-database-hack-highlights-risk-31306.jpg,https://www.technewsworld.com/story/acxiom-database-hack-highlights-risk-31306.html
ai-costs-continue-to-rise-despite-falling-token-prices-180461,Falling Token Prices Fail To Slow Enterprise AI Spending,John P. Mello Jr.,"July 28, 2026 5:00 AM PT",Artificial Intelligence,,"Enterprise AI costs continue rising despite lower token prices as agentic AI, data preparation, and governance drive higher spending.",https://www.technewsworld.com/wp-content/uploads/sites/3/2026/07/ai-token-consumption.jpg,images/ai-costs-continue-to-rise-despite-falling-token-prices-180461.jpg,https://www.technewsworld.com/story/ai-costs-continue-to-rise-despite-falling-token-prices-180461.html
ai-trust-gap-with-young-adults-could-carry-a-high-cost-180511,Young Adults’ AI Distrust Raises Long-Term Risks for Tech,Rob Enderle,"August 24, 2026 5:00 AM PT",Artificial Intelligence,OPINION,"A new poll finds young adults wary of AI executives, job impacts, and data center growth as the industry pours billions into expansion.",https://www.technewsworld.com/wp-content/uploads/sites/3/2026/08/ai-trust-gap.jpg,images/ai-trust-gap-with-young-adults-could-carry-a-high-cost-180511.jpg,https://www.technewsworld.com/story/ai-trust-gap-with-young-adults-could-carry-a-high-cost-180511.html
airgo-claims-next-gen-wireless-lan-in-chipset-31367,Airgo Claims Next-Gen Wireless LAN in Chipset,Jay Lyman,"August 18, 2003 1:22 PM PT",Computing,,"Wireless startup Airgo -- a company that consists of some of the wireless industry's most prominent pioneers -- announced it is sampling a new WiFi chipset that promises to double the range and data rates of wireless local area networks. Airgo said its AGN100 WiFi chipset, for use in 802.11 wireless networks, takes advantage of multiple-antenna technology to increase existing WiFi rates to 108 Mbps and extend current WiFi range to as much as six times that of competing chipsets.",https://www.technewsworld.com/wp-content/uploads/sites/3/2021/05/airgo-wireless-chip-1.jpg,images/airgo-claims-next-gen-wireless-lan-in-chipset-31367.jpg,https://www.technewsworld.com/story/airgo-claims-next-gen-wireless-lan-in-chipset-31367.html
amd-acquires-national-semiconductors-geode-unit-31281,AMD Acquires National Semiconductor's Geode Unit,Jay Lyman,"August 6, 2003 1:47 PM PT",Hardware,,"Seeking to target the embedded applications market, chipmaker Advanced Micro Devices has announced the acquisition of National Semiconductor's Information Appliance unit and the Geode family of microprocessors. There is some speculation about the purpose of AMD's acquisition, which seems to put AMD in the position of being forced to choose which architecture to support and promote -- the newly-acquired Geode x86 framework or the earlier-acquired Alchemy MIPS architecture.",https://www.technewsworld.com/wp-content/uploads/sites/3/2021/05/amd-geode-gx1-chip-1.jpg,images/amd-acquires-national-semiconductors-geode-unit-31281.jpg,https://www.technewsworld.com/story/amd-acquires-national-semiconductors-geode-unit-31281.html
apple-linux-and-bsd-the-other-platforms-31771,"Apple, Linux and BSD: The 'Other' Platforms",Rob Enderle,"October 6, 2003 1:28 PM PT",Computing,OPINION,"I spend a lot of time listening to lots of folks complain that they don't have a choice, that big, bad Microsoft has come in and made their lives a living hell and that someone should do something about it. If you are one of those folks, today is your lucky day. I'm going to start telling you how to fix this problem. In this week's column, I address the ""other"" platforms. Next week, my column will be about how to use Microsoft products successfully.",https://www.technewsworld.com/wp-content/uploads/sites/3/2021/05/directions-1.jpg,images/apple-linux-and-bsd-the-other-platforms-31771.jpg,https://www.technewsworld.com/story/apple-linux-and-bsd-the-other-platforms-31771.html
apple-sets-release-date-for-mac-os-x-panther-31795,Apple Sets Release Date for Mac OS X Panther,Jay Lyman,"October 8, 2003 11:19 AM PT",Applications,,"Touting more than 150 new features -- including improved interoperability with Windows and Linux -- Apple Computer has announced that its updated Mac OS X Panther operating system will be available on October 24th. The Cupertino, California-based company said Mac OS X version 10.3 delivers new features that will not be available in a Windows operating system for years to come. These technologies include a faster, revamped Finder interface for accessing files and folders and the new Expose technology to help keep the desktop organized.",https://www.technewsworld.com/wp-content/uploads/sites/3/2021/05/apple-panther-3.jpg,images/apple-sets-release-date-for-mac-os-x-panther-31795.jpg,https://www.technewsworld.com/story/apple-sets-release-date-for-mac-os-x-panther-31795.html
apples-new-ai-playbook-180389,Apple's AI Strategy Comes Into Focus | Analysis,Rob Enderle,"June 15, 2026 5:00 AM PT",Artificial Intelligence,ANALYST COMMENTARY,"Apple is weaving AI throughout its ecosystem, combining Siri, Gemini, and privacy-focused design to connect apps, services, and devices.",https://www.technewsworld.com/wp-content/uploads/sites/3/2026/06/apple-ai-playbook.jpg,images/apples-new-ai-playbook-180389.jpg,https://www.technewsworld.com/story/apples-new-ai-playbook-180389.html
apples-power-mac-g5-hits-the-street-31363,Apple's Power Mac G5 Hits the Street,Jay Lyman,"August 18, 2003 9:00 AM PT",Hardware,,"Apple has announced it is now shipping the first of the highly anticipated G5 processors in two models of the Power Mac desktop computer. Billed by the company as the ""world's fastest personal computer,"" the Power Mac G5 takes advantage of 64-bit processing, new cache technology and increased memory support to deliver what industry observers call a long-overdue overhaul of Apple's hardware. Analysts said the PowerPC G5 processor, designed by IBM and Apple, will give Mac users dramatically improved performance in the high-end, gaming and graphics markets.",https://www.technewsworld.com/wp-content/uploads/sites/3/2021/05/apple-g5-ship-1.jpg,images/apples-power-mac-g5-hits-the-street-31363.jpg,https://www.technewsworld.com/story/apples-power-mac-g5-hits-the-street-31363.html
artificial-caregivers-improve-on-the-real-thing-31465,Artificial Caregivers Improve on the Real Thing,Diane Stresing,"August 30, 2003 1:00 AM PT",Security,,"The universal shortage of nurses in particular and healthcare workers in general is getting worse. Meanwhile, baby boomers are moving like a tidal wave toward assisted-living homes. Soon, patients could face the choice of being cared for by a robotic nurse or no nurse at all. When Pearl, a robotic nurse developed by researchers at Carnegie Mellon and the University of Pittsburgh, rolled into service at Pitt's School of Nursing and later into a retirement community in Oakland, ""people loved it,"" Sebastian Thrun, associate professor of robotics computing at Stanford University, told TechNewsWorld.",https://www.technewsworld.com/wp-content/uploads/sites/3/2021/05/health-4.jpg,,https://www.technewsworld.com/story/artificial-caregivers-improve-on-the-real-thing-31465.html
authorities-investigate-romanian-virus-writer-31500,Authorities Investigate Romanian Virus Writer,Jay Lyman,"September 4, 2003 2:05 PM PT",Security,,"Authorities in Romania are investigating another suspected writer of a Blaster variant, according to Bucharest-based BitDefender, which reported similarities between the 24-year-old suspect and Jeffrey Lee Parson, the Minnesota teenager accused of authoring a different Blaster variant. The U.S. arrest and European investigation involve copycat versions of the original Blaster worm, which pounced on hundreds of thousands of vulnerable Windows PCs last month.",https://www.technewsworld.com/wp-content/uploads/sites/3/2021/05/romanian-blaster-suspect-investigation.jpg,images/authorities-investigate-romanian-virus-writer-31500.jpg,https://www.technewsworld.com/story/authorities-investigate-romanian-virus-writer-31500.html
beyond-biometrics-new-strategies-for-security-31547,Beyond Biometrics: New Strategies for Security,Jack M. Germain,"September 11, 2003 4:13 AM PT",Security,TECHNOLOGY SPECIAL REPORT,"Biometric security devices -- which authenticate a person's identity on the basis of physical characteristics, such as a fingerprint -- have been available in one form or another for 30 years. But biometrics technology for computer security might never achieve widespread use because of the predominant perception that biometrics technology is costly, inconvenient and intrusive. According to Roy Want, principal engineer at Intel Research, the biggest problem with biometric devices is the inconvenience factor. ""Biometric security needs to be transparent,"" he told TechNewsWorld. ""It isn't yet.""",https://www.technewsworld.com/wp-content/uploads/sites/3/2021/05/security-3.jpg,images/beyond-biometrics-new-strategies-for-security-31547.jpg,https://www.technewsworld.com/story/beyond-biometrics-new-strategies-for-security-31547.html
beyond-the-fad-macromedias-flash-matures-31217,Beyond the Fad: Macromedia's Flash Matures,Brian R. Hook,"July 30, 2003 4:00 AM PT",Applications,TECHNOLOGY SPECIAL REPORT,"Flash animation -- once widely derided as a bells-and-whistles annoyance -- is quickly becoming ubiquitous, thanks to the prevalence of broadband connections and a freely distributed plug-in for nearly every major computing platform on the market. In fact, Flash technology, developed by Macromedia, has become so widespread that many companies are starting to think of it as a platform unto itself. But Flash was not always so well received. As recently as 1999, usability expert Jakob Nielsen waged war against Flash designers.",https://www.technewsworld.com/wp-content/uploads/sites/3/2021/05/macromedia-flash-mx-1.jpg,images/beyond-the-fad-macromedias-flash-matures-31217.jpg,https://www.technewsworld.com/story/beyond-the-fad-macromedias-flash-matures-31217.html
big-blue-hits-sco-with-patent-counterclaim-31287,Big Blue Hits SCO with Patent Counterclaim,Jay Lyman,"August 7, 2003 9:38 AM PT",Computing,"August 27, 2026 01:43:13 AM","IBM has added to the legal mix in its fight over source-code claims by The SCO Group, filing a counterclaim against the smaller software company. IBM's complaint refutes SCO's arguments about solicitation of Linux licenses and returns the legal favor by claiming that SCO's commercially available software has directly infringed four IBM patents. ""Simply put, SCO's scheme is an attempt to profit from its limited rights to a very old Unix operating system ... by introducing fear, uncertainty and doubt into the marketplace,"" an IBM statement said.",https://www.technewsworld.com/wp-content/uploads/sites/3/2021/05/ibm-linux-sco-2.jpg,images/big-blue-hits-sco-with-patent-counterclaim-31287.jpg,https://www.technewsworld.com/story/big-blue-hits-sco-with-patent-counterclaim-31287.html
billions-of-stolen-browser-cookies-expose-users-to-account-hijacking-180479,Billions of Stolen Browser Cookies Fuel Account Hijacking Risks,John P. Mello Jr.,"August 5, 2026 5:00 AM PT",Cybersecurity,,"Experts warn that stolen browser cookies let attackers bypass passwords and hijack online accounts, making authenticated sessions a prime cyber target.",https://www.technewsworld.com/wp-content/uploads/sites/3/2026/08/login-session.jpg,images/billions-of-stolen-browser-cookies-expose-users-to-account-hijacking-180479.jpg,https://www.technewsworld.com/story/billions-of-stolen-browser-cookies-expose-users-to-account-hijacking-180479.html
blaster-variant-suspect-arrested-31699,Blaster Variant Suspect Arrested,Jay Lyman,"September 29, 2003 9:43 AM PT",Security,,"State and federal law enforcement authorities have announced a second arrest related to a variant of the Blaster computer worm. Meanwhile, security experts are watching and waiting for another virus variant to take advantage of a similar security hole in Microsoft Windows systems. Blaster took advantage of a Remote Procedure Call vulnerability to spread among nearly half a million machines in August, but the arrests of Minnesota's Jeffrey Lee Parson, a Romanian man and now a juvenile in the United States involve variants of the worm that had more limited impact.",https://www.technewsworld.com/wp-content/uploads/sites/3/2021/05/blaster-variant.jpg,images/blaster-variant-suspect-arrested-31699.jpg,https://www.technewsworld.com/story/blaster-variant-suspect-arrested-31699.html
borland-updates-c-tools-31584,Borland Updates C++ Tools,Kirk L. Kroeker,"September 15, 2003 1:37 PM PT",Security,,"After nearly two years in development, Borland has announced two updated tools for C++ developers: C++BuilderX and Enterprise Studio for C++. The company is calling the tools the first technology-independent development suite designed to address the complexity of modern-day application development. ""C++BuilderX is the result of over two years of a renewed research and development effort focused on delivering new advanced development capabilities for the entire C++ market,"" J.P. LeBlanc, vice president and general manager of the mobile and C++ solutions group at Borland, said in a statement.",https://www.technewsworld.com/wp-content/uploads/sites/3/2021/05/borland.jpg,images/borland-updates-c-tools-31584.jpg,https://www.technewsworld.com/story/borland-updates-c-tools-31584.html
breaking-the-speed-barrier-the-frontside-bus-bottleneck-31594,Breaking the Speed Barrier: The Frontside Bus Bottleneck,Brian R. Hook,"September 17, 2003 4:21 AM PT",Hardware,,"Processors continue to get faster and faster, but the frontside bus (FSB) remains one of the biggest bottlenecks on system performance. Most major manufacturers, including Intel, Motorola and AMD, are trying to develop methods to sidestep FSB limitations. What most computer users do not realize is that the speed of the frontside bus -- in addition to the speed of RAM -- determines computer speed more than the absolute clock speed of the CPU.",https://www.technewsworld.com/wp-content/uploads/sites/3/2021/05/intel-p413micronchip1.jpg,images/breaking-the-speed-barrier-the-frontside-bus-bottleneck-31594.jpg,https://www.technewsworld.com/story/breaking-the-speed-barrier-the-frontside-bus-bottleneck-31594.html
bring-on-the-telematics-revolution-31151,Bring on the Telematics Revolution,Gene J. Koprowski,"July 21, 2003 7:22 AM PT",Technology,TECHNOLOGY SPECIAL REPORT,"Overcoming its beginnings as a niche application for high-end automobiles, telematics technology has grown into a $650 million business that analysts at investment bank UBS Warburg expect to reach $41 billion by 2010. The first applications were for fleet vehicles -- used by trucking companies -- and for luxury car brands, like Mercedes and Cadillac. But developers today are adding a host of new features that are making all sorts of vehicles -- even mobile homes -- as networked as a high-tech office park.",https://www.technewsworld.com/wp-content/uploads/sites/3/2021/05/auto-gps-3.jpg,images/bring-on-the-telematics-revolution-31151.jpg,https://www.technewsworld.com/story/bring-on-the-telematics-revolution-31151.html
broadcom-to-offer-all-in-one-wifi-chip-31524,Broadcom To Offer All-in-One WiFi Chip,Jay Lyman,"September 8, 2003 2:45 PM PT",Technology,,"By decreasing space requirements and boosting power efficiency, Broadcom said its new, single-chip wireless solution marks a revolutionary breakthrough for the wireless industry and will make wireless LANs less expensive and easier to build. Touting as much as 87 percent space savings and extended battery life, Broadcom said the size and efficiency of its single 802.11 chip, called AirForce One, makes WiFi connectivity practical for a new class of handheld devices, such as PDAs, mobile phones, digital cameras, MP3 players and more.",https://www.technewsworld.com/wp-content/uploads/sites/3/2021/05/handspringvisoredge-2.jpg,images/broadcom-to-offer-all-in-one-wifi-chip-31524.jpg,https://www.technewsworld.com/story/broadcom-to-offer-all-in-one-wifi-chip-31524.html
buy-com-debuts-legit-music-downloads-strings-attached-31164,Buy.com Debuts Legit Music Downloads - Strings Attached,Jay Lyman,"July 22, 2003 9:17 AM PT",Technology,,"A new legal music download service for PCs has been unveiled, boasting the largest legitimate online catalog of songs to date, but BuyMusic.com still might be hampered because it lacks the freedom offered by free file-sharing networks, experts said. Aliso Viejo, California-based BuyMusic.com will sell tracks from its growing list of 300,000 songs starting at 79 cents each, with albums selling for $7.95, the company announced at the service's launch.",https://www.technewsworld.com/wp-content/uploads/sites/3/2021/05/music-05.jpg,images/buy-com-debuts-legit-music-downloads-strings-attached-31164.jpg,https://www.technewsworld.com/story/buy-com-debuts-legit-music-downloads-strings-attached-31164.html
california-jane-doe-challenges-riaa-subpoena-31402,California Jane Doe Challenges RIAA Subpoena,Jay Lyman,"August 22, 2003 9:41 AM PT",Security,,"Lawyers representing a California woman who was targeted by a Recording Industry Association of America subpoena have filed a motion in U.S. federal court challenging the subpoena as an unconstitutional invasion of privacy. The woman, whose motion was filed under the name Jane Doe, is an Internet subscriber of Verizon, which is one of two major Internet service providers that have filed suit in resistance of the RIAA subpoenas. Verizon is currently appealing a court ruling that upheld the legality of the RIAA subpoenas.",https://www.technewsworld.com/wp-content/uploads/sites/3/2021/05/verizon-jane-doe-riaa.jpg,images/california-jane-doe-challenges-riaa-subpoena-31402.jpg,https://www.technewsworld.com/story/california-jane-doe-challenges-riaa-subpoena-31402.html
california-law-to-ban-all-spam-31669,California Law To Ban All Spam,Jay Lyman,"September 24, 2003 1:56 PM PT",Security,,"Sending the unwanted e-mail solicitations known as spam to Californians likely will become a lot more expensive, thanks to a new law that will fine spammers and advertisers as much as $1 million per incident. Described as the toughest law in the country, California's rule has been signed into law by Gov. Gray Davis, who warned spammers and advertisers against using e-mail solicitations as a means of promoting their products and services.",https://www.technewsworld.com/wp-content/uploads/sites/3/2021/05/email-spam-4.jpg,images/california-law-to-ban-all-spam-31669.jpg,https://www.technewsworld.com/story/california-law-to-ban-all-spam-31669.html
can-multiple-ai-models-improve-enterprise-trust-180481,Multi-Model AI Could Improve Enterprise Trust,Jack M. Germain,"August 6, 2026 5:00 AM PT",Artificial Intelligence,,"As AI becomes more persuasive, enterprises are exploring whether comparing multiple AI models can improve trust in AI-generated decisions.",https://www.technewsworld.com/wp-content/uploads/sites/3/2023/04/business-meeting-1.jpg,images/can-multiple-ai-models-improve-enterprise-trust-180481.jpg,https://www.technewsworld.com/story/can-multiple-ai-models-improve-enterprise-trust-180481.html
challenges-remain-for-high-end-router-suppliers-31802,Challenges Remain for High-End Router Suppliers,Paul Korzeniowski,"October 9, 2003 3:52 AM PT",Hardware,TECHNOLOGY SPECIAL REPORT,"New growth in scorched earth might be the best metaphor to describe the state of the high-end router market at present. When the Internet was booming, a bevy of startup suppliers rushed to build the top-of-the-line network devices called core routers. It was thought that products operating at gigabit speeds soon would be needed everywhere. However, that need has proven slow to emerge, and carriers have lost interest in the complex, expensive products. As a result, high-end router sales plummeted by nearly 50 percent in 2002, forcing many hardware startups to reexamine their business plans.",https://www.technewsworld.com/wp-content/uploads/sites/3/2021/05/apple-xserve-rack-1.jpg,images/challenges-remain-for-high-end-router-suppliers-31802.jpg,https://www.technewsworld.com/story/challenges-remain-for-high-end-router-suppliers-31802.html
charter-sues-providers-criticize-riaa-31788,"Charter Sues, Providers Criticize RIAA",Jay Lyman,"October 7, 2003 1:59 PM PT",Technology,,"Charter Communications is the latest major ISP to take legal measures to prevent the Recording Industry Association of America from using subpoenas to reveal the identity of its Web users. In a suit filed in federal district court in St. Louis, Missouri, Charter is seeking to block the RIAA from obtaining the identities of its customers, including those targeted by earlier subpoenas from the RIAA. Charter said it had received subpoenas requesting the identities of approximately 150 of its high-speed access customers who are accused by the RIAA of illegally trading copyrighted music over the Internet.",https://www.technewsworld.com/wp-content/uploads/sites/3/2021/05/riaa.jpg,images/charter-sues-providers-criticize-riaa-31788.jpg,https://www.technewsworld.com/story/charter-sues-providers-criticize-riaa-31788.html
computer-simulations-modeling-the-future-31116,Computer Simulations: Modeling the Future,Gene J. Koprowski,"July 15, 2003 8:07 AM PT",Hardware,TECHNOLOGY SPECIAL REPORT,"Modeling and simulation have made momentous strides in recent years, and the military, medical science and other professions are on the verge of being able to use computing power to simulate reality for all kinds of applications. ""Advances in both AI software and in networked computing have made virtual environments of previously impossible realism possible,"" Robert Lucas, director of the computational science division at USC, told TechNewsWorld.",https://www.technewsworld.com/wp-content/uploads/sites/3/2021/05/binarycode-man-2.jpg,images/computer-simulations-modeling-the-future-31116.jpg,https://www.technewsworld.com/story/computer-simulations-modeling-the-future-31116.html
computer-viruses-and-organized-crime-the-inside-story-31679,Computer Viruses and Organized Crime: The Inside Story,Jack M. Germain,"September 27, 2003 2:13 AM PT",Security,,Internet security experts are divided on the source and purpose of computer viruses and worms like Blaster and SoBig. But some government agencies are investigating a possible connection between the increasing spread of infected computers and organized crime. Recent trends are leading many experts to worry that malicious code buried in infected computers or released in new generations of worms will spawn targeted criminal attacks against business and industry.,https://www.technewsworld.com/wp-content/uploads/sites/3/2021/05/mobster-1.jpg,images/computer-viruses-and-organized-crime-the-inside-story-31679.jpg,https://www.technewsworld.com/story/computer-viruses-and-organized-crime-the-inside-story-31679.html
could-nvidias-success-become-its-biggest-weakness-180470,Nvidia's Long-Term Strategy Could Open the Door for AMD,Rob Enderle,"August 3, 2026 5:00 AM PT",Artificial Intelligence,OPINION,"Tech analyst Rob Enderle examines Nvidia's market strategy, AMD's open-source approach, and the long-term outlook for AI hardware competition.",https://www.technewsworld.com/wp-content/uploads/sites/3/2024/11/Nvidia-Santa-Clara.jpg,images/could-nvidias-success-become-its-biggest-weakness-180470.jpg,https://www.technewsworld.com/story/could-nvidias-success-become-its-biggest-weakness-180470.html
cto-confidence-in-scaling-ai-falls-for-third-straight-year-180411,CTOs Face Growing Challenges Scaling AI Across the Enterprise,John P. Mello Jr.,"June 24, 2026 5:00 AM PT",Artificial Intelligence,,"Enterprises are struggling to scale AI as governance, skills, workforce trust, and data challenges hinder efforts to move beyond pilot projects.",https://www.technewsworld.com/wp-content/uploads/sites/3/2022/07/information-security-team.jpg,images/cto-confidence-in-scaling-ai-falls-for-third-straight-year-180411.jpg,https://www.technewsworld.com/story/cto-confidence-in-scaling-ai-falls-for-third-straight-year-180411.html
db2-holes-offer-root-access-31615,DB2 Holes Offer Root Access,Jay Lyman,"September 18, 2003 9:33 AM PT",Security,,"IBM's widely used DB2 database software, which often stores critical data such as credit card information, has flaws that would be ""trivial"" for attackers to exploit. The holes, uncovered by Core Security, a network security firm, involve simple stack-based buffer overflows and are triggered by sending a long command-line argument to two vulnerable binary files -- db2licm and db2dart -- the default software in DB2 intended for license management and error checking.",https://www.technewsworld.com/wp-content/uploads/sites/3/2021/05/db2-ibm.jpg,images/db2-holes-offer-root-access-31615.jpg,https://www.technewsworld.com/story/db2-holes-offer-root-access-31615.html
dell-debuts-portable-music-player-31959,Dell Debuts Portable Music Player,Kirk L. Kroeker,"October 27, 2003 11:44 AM PT",Technology,,"Dell has introduced the Dell Digital Jukebox -- or the Dell DJ -- and announced details of a partnership with MusicMatch to provide customers with an easy, legal way to download favorite songs and albums. As the next step in the company's overall strategy of moving into other markets -- especially consumer electronics and home entertainment -- both the Dell DJ hardware and Dell Jukebox software will be available through Dell's music store.",https://www.technewsworld.com/wp-content/uploads/sites/3/2021/05/dell-digital-jukebox-dj.jpg,images/dell-debuts-portable-music-player-31959.jpg,https://www.technewsworld.com/story/dell-debuts-portable-music-player-31959.html
denial-of-service-attack-brings-down-microsoft-31258,Denial-of-Service Attack Brings Down Microsoft,Jay Lyman,"August 4, 2003 1:04 PM PT",Security,,"A denial-of-service attack that took down Microsoft's Web site two days after the U.S. Department of Homeland Security warned of a widespread Windows vulnerability is being investigated by the Redmond, Washington-based software company and law enforcement officials. Microsoft has some clues as to the origin of the outage, which lasted for about 1 hour and 40 minutes Friday afternoon, Microsoft spokesperson Sean Sundwall told TechNewsWorld. ""It's pretty hard to track down where it came from,"" he said.",https://www.technewsworld.com/wp-content/uploads/sites/3/2021/05/microsoft-denial-service-1.jpg,images/denial-of-service-attack-brings-down-microsoft-31258.jpg,https://www.technewsworld.com/story/denial-of-service-attack-brings-down-microsoft-31258.html
denial-of-service-exposed-31467,Denial of Service - Exposed,Jack M. Germain,"September 2, 2003 4:11 AM PT",Security,,"Analysts credit advance warning about the Blaster worm, in addition to Microsoft's clever rewriting of standard Internet-connection protocols, as the weapons used in defeating a denial-of-service attack against the software company's Windows help Web site on August 16th. The Blaster worm, which infected more than one million computers worldwide in August, created a legion of willing computers with orders to launch an attack aimed at shutting down Microsoft's site.",https://www.technewsworld.com/wp-content/uploads/sites/3/2021/05/slow-3.jpg,images/denial-of-service-exposed-31467.jpg,https://www.technewsworld.com/story/denial-of-service-exposed-31467.html
elon-musk-says-money-wont-matter-by-2036-is-he-right-180484,Elon Musk’s Moneyless Future Faces a Reality Check,Rob Enderle,"August 10, 2026 5:00 AM PT",Artificial Intelligence,ANALYST COMMENTARY,Elon Musk says money may become obsolete by 2036. Rob Enderle examines whether AI and robotics could make that prediction a reality.,https://www.technewsworld.com/wp-content/uploads/sites/3/2026/08/elon-musk-cashless-future.jpg,images/elon-musk-says-money-wont-matter-by-2036-is-he-right-180484.jpg,https://www.technewsworld.com/story/elon-musk-says-money-wont-matter-by-2036-is-he-right-180484.html
european-union-pursues-microsoft-on-abuses-31278,European Union Pursues Microsoft on Abuses,Jay Lyman,"August 6, 2003 9:26 AM PT",Applications,,"Referring to new evidence in its investigation of Microsoft's anticompetitive practices, the European Union's commission has offered the software company one last opportunity to respond before pursuing remedies. The European Commission, which has conducted an antitrust probe of Microsoft for about five years, said the new evidence indicates the software company is stifling competition by denying interoperability in the low-end server market and by tying Windows Media Player to the Windows operating system.",https://www.technewsworld.com/wp-content/uploads/sites/3/2021/05/eu-microsoft-1.jpg,images/european-union-pursues-microsoft-on-abuses-31278.jpg,https://www.technewsworld.com/story/european-union-pursues-microsoft-on-abuses-31278.html
expresscard-standard-to-replace-larger-pc-cards-31595,ExpressCard Standard To Replace Larger PC Cards,John P. Mello Jr.,"September 16, 2003 2:48 PM PT",Hardware,,"A significant step to broaden the use of PC Cards in desktop computers was taken today by the PCMCIA industry standards group. The PCMCIA group -- a nonprofit trade association founded in 1989 to establish technical standards for PC Card technology and to promote interchangeability among computer systems -- announced the first version of its standard for ExpressCard, a technology that's expected to replace PC Card slots found most commonly in notebook computers.",https://www.technewsworld.com/wp-content/uploads/sites/3/2021/05/expresscard-pcmcia.jpg,images/expresscard-standard-to-replace-larger-pc-cards-31595.jpg,https://www.technewsworld.com/story/expresscard-standard-to-replace-larger-pc-cards-31595.html
fbi-epa-warn-of-cyberattacks-on-water-wastewater-facilities-180477,"FBI, EPA Warn of Cyberattacks Targeting Water Infrastructure",John P. Mello Jr.,"August 4, 2026 5:00 AM PT",Cybersecurity,,The FBI and EPA warn that cyberattacks targeting internet-connected PLCs are increasing risks to water and wastewater systems.,https://www.technewsworld.com/wp-content/uploads/sites/3/2026/08/water-treatment-plc-control-cabinet.jpg,images/fbi-epa-warn-of-cyberattacks-on-water-wastewater-facilities-180477.jpg,https://www.technewsworld.com/story/fbi-epa-warn-of-cyberattacks-on-water-wastewater-facilities-180477.html
feds-nab-blaster-suspect-continue-tracking-sobig-f-writer-31462,"Feds Nab Blaster Suspect, Continue Tracking SoBig.F Writer",Jay Lyman,"August 29, 2003 8:52 AM PT",Security,,"Federal officials reportedly have closed in on an 18-year-old man believed to be the author of a variant of the Blaster worm, which affected nearly half a million computers earlier this month. An announcement of the suspect's arrest was expected in Seattle, Washington, near the headquarters of Microsoft, whose Windows operating system was the target of Blaster, its variants, and subsequent worms Nachi and SoBig.F. Security experts were closely watching SoBig.F, which was set again to download unknown code from 20 Internet addresses commandeered by the virus writer.",https://www.technewsworld.com/wp-content/uploads/sites/3/2021/05/SoBigF-infects-china.jpg,images/feds-nab-blaster-suspect-continue-tracking-sobig-f-writer-31462.jpg,https://www.technewsworld.com/story/feds-nab-blaster-suspect-continue-tracking-sobig-f-writer-31462.html
forrester-report-says-downloads-will-replace-discs-31490,Forrester Report Says Downloads Will Replace Discs,Jay Lyman,"September 3, 2003 2:10 PM PT",Technology,,"Online and on-demand media services in digital form are likely to make CDs and DVDs obsolete as consumers switch to downloads and streaming media to get their music, movies and other entertainment, according to Forrester Research. Providing evidence that downloads cost the music industry $700 million in lost CD sales last year, Forrester said in its report -- titled ""From Discs to Downloads"" -- that legitimate Internet subscriptions and downloads will account for one-third of all music sales by 2008.",https://www.technewsworld.com/wp-content/uploads/sites/3/2021/05/disc-to-downloads-1.jpg,images/forrester-report-says-downloads-will-replace-discs-31490.jpg,https://www.technewsworld.com/story/forrester-report-says-downloads-will-replace-discs-31490.html
ftc-identity-theft-worse-than-estimated-31498,FTC: Identity Theft Worse Than Estimated,Jay Lyman,"September 4, 2003 9:45 AM PT",Security,,"With nearly 10 million Americans reporting identity theft that cost banks and other businesses nearly $48 billion last year, the Federal Trade Commission said the problem is worse than previously estimated. The latest FTC survey on identity theft, which revealed more than 27 million victims of this crime in the last five years, did not differentiate Internet-related ID theft from standard ID theft, but experts agreed that perpetrators are leveraging technology to commit this kind of offense today.",https://www.technewsworld.com/wp-content/uploads/sites/3/2021/05/ftc-identity-theft.jpg,images/ftc-identity-theft-worse-than-estimated-31498.jpg,https://www.technewsworld.com/story/ftc-identity-theft-worse-than-estimated-31498.html
garmin-launches-gps-integrated-ique-3600-pda-31197,Garmin Launches GPS-Integrated iQue 3600 PDA,Kirk L. Kroeker,"July 25, 2003 2:22 PM PT",Hardware,PRODUCT PROFILE,"Garmin International has released its iQue 3600 PDA -- the first PDA on the market to integrate GPS technology off the shelf. The device will be available through electronics retailers and traditional Garmin dealers within the United States at a suggested retail price of $589. ""GPS can now help us get where we are going,"" Forrester research fellow Rob Enderle told TechNewsWorld. ""Within 10 years, I believe every device that falls into this class will have navigation functionality because that is clearly on the evolutionary path for the PDA.""",https://www.technewsworld.com/wp-content/uploads/sites/3/2021/05/garmin-ique3600-1.jpg,images/garmin-launches-gps-integrated-ique-3600-pda-31197.jpg,https://www.technewsworld.com/story/garmin-launches-gps-integrated-ique-3600-pda-31197.html
general-electrics-tech-past-present-future-31420,"General Electric's Tech: Past, Present, Future",Gene J. Koprowski,"August 26, 2003 3:36 AM PT",Security,,"During the late 19th century, shortly after creating the light bulb, Thomas Edison founded the company that eventually became General Electric. Although the company does not generate the headlines in the computing press that Microsoft, Apple or IBM does, it has been a behind-the-scenes, trend-setting high-tech innovator. Specifically, GE's technology almost single-handedly defines medical computing, one of the hottest emerging niches in the computer industry today.",https://www.technewsworld.com/wp-content/uploads/sites/3/2021/05/med-tech-2.jpg,images/general-electrics-tech-past-present-future-31420.jpg,https://www.technewsworld.com/story/general-electrics-tech-past-present-future-31420.html
google-and-overture-hunt-for-local-results-revenue-31651,"Google and Overture Hunt for Local Results, Revenue",Jay Lyman,"September 23, 2003 9:38 AM PT",Computing,,"Internet search leaders Overture and Google both are testing services that deliver local results as they seek to bolster the already burgeoning market for Web searches. Earlier this month, Overture became the first major search engine to begin testing a service that incorporates the geographic location of the user when delivering search results. Rival Google has unveiled a beta version of its own service that will incorporate the searcher's address or ZIP code to return hometown results.",https://www.technewsworld.com/wp-content/uploads/sites/3/2021/05/google-local.jpg,images/google-and-overture-hunt-for-local-results-revenue-31651.jpg,https://www.technewsworld.com/story/google-and-overture-hunt-for-local-results-revenue-31651.html
google-i-o-2026-signals-an-extinction-event-for-standalone-apps-180348,Google I/O 2026 Accelerates the Agentic AI Era,Rob Enderle,"May 25, 2026 5:00 AM PT",Artificial Intelligence,ANALYST COMMENTARY,"Google I/O 2026 revealed an aggressive AI strategy. Tech analyst Rob Enderle explains what this could mean for the future of apps, work, and computing.",https://www.technewsworld.com/wp-content/uploads/sites/3/2026/05/google-io-2026.jpg,images/google-i-o-2026-signals-an-extinction-event-for-standalone-apps-180348.jpg,https://www.technewsworld.com/story/google-i-o-2026-signals-an-extinction-event-for-standalone-apps-180348.html
google-pulls-p2p-links-over-kazaa-copyright-claims-31481,Google Pulls P2P Links Over Kazaa Copyright Claims,Jay Lyman,"September 2, 2003 3:39 PM PT",Computing,,"In a bizarre twist to the file-sharing fight in which the Recording Industry Association of America is using copyright law to pursue file traders, search engine Google pulled links to sites hawking unofficial Kazaa alternatives after the popular file-swapping service made its own copyright-infringement claims. The RIAA has used the Digital Millennium Copyright Act as the basis for more than 1,000 subpoenas served to ISPs in an effort to identify and possibly litigate against users of peer-to-peer applications and networks, such as Kazaa.",https://www.technewsworld.com/wp-content/uploads/sites/3/2021/05/kazaa-google-dmca.jpg,images/google-pulls-p2p-links-over-kazaa-copyright-claims-31481.jpg,https://www.technewsworld.com/story/google-pulls-p2p-links-over-kazaa-copyright-claims-31481.html
grid-computing-project-to-predict-climate-31573,Grid Computing Project To Predict Climate,Jay Lyman,"September 12, 2003 1:45 PM PT",Applications,,"An Internet-connected grid project of potentially millions of personal computers is being launched by a group of UK-based universities, weather services and software companies in an effort to predict global climate. As a collaboration of Oxford, the Open University, Met Office, the Rutherford Appleton Laboratory and other institutions, the ClimatePrediction.net project that began this week will deliver the most accurate weather forecast ever, researchers said.",https://www.technewsworld.com/wp-content/uploads/sites/3/2021/05/climateprediction-1.jpg,images/grid-computing-project-to-predict-climate-31573.jpg,https://www.technewsworld.com/story/grid-computing-project-to-predict-climate-31573.html
half-life-2-source-code-leak-delays-debut-31783,Half Life 2 Source-Code Leak Delays Debut,Jay Lyman,"October 7, 2003 10:20 AM PT",Technology,,"The aliens of the forthcoming video game Half Life 2 have been upstaged by Grinch-like hackers who stole some of the game's code and posted it online, meaning release of the real game likely will be pushed back until after the holiday season. Valve Software, maker of the popular first-person shooter, confirmed that code posted online late last week was in fact Half Life 2 source code stolen from the Kirkland, Washington-based software company through a simple breach of security, namely Microsoft Outlook e-mail.",https://www.technewsworld.com/wp-content/uploads/sites/3/2021/05/hacker-2.jpg,images/half-life-2-source-code-leak-delays-debut-31783.jpg,https://www.technewsworld.com/story/half-life-2-source-code-leak-delays-debut-31783.html
help-me-obi-wan-kenobi-airborne-video-arrives-31303,Help Me Obi-Wan Kenobi: Airborne Video Arrives,Kirk L. Kroeker,"August 8, 2003 2:31 PM PT",Security,PRODUCT PROFILE,"Most of us remember the scene in the 1977 movie ""Star Wars"" in which the robot R2-D2 projects a three-dimensional image of Princess Leia, who begs Obi-Wan Kenobi for help: ""This is our most desperate hour. Help me, Obi-Wan Kenobi. You're my only hope."" Seeing that film years ago planted the desire in many of us to see this kind of technology brought to life. After all these long years of waiting, portable holography has finally arrived.",https://www.technewsworld.com/wp-content/uploads/sites/3/2021/05/io2-tech-helio-display-1.jpg,images/help-me-obi-wan-kenobi-airborne-video-arrives-31303.jpg,https://www.technewsworld.com/story/help-me-obi-wan-kenobi-airborne-video-arrives-31303.html
helpful-hacker-adrian-lamo-faces-federal-charges-31548,'Helpful Hacker' Adrian Lamo Faces Federal Charges,Jay Lyman,"September 10, 2003 2:15 PM PT",Security,"August 27, 2026 01:51:08 AM","A 22-year-old computer hacker credited with breaking into more than a dozen networks owned by some of the largest companies in the world is facing federal charges of computer intrusion and unlawful use of passwords. Known as the ""homeless hacker"" for his laptop-only wanderings and as the ""helpful hacker"" for breaking into major corporate networks and then working with companies to close security holes, Adrian Lamo is scheduled to report to federal officials in New York on Thursday.",https://www.technewsworld.com/wp-content/uploads/sites/3/2021/05/adrian-lamo-hacker-1.jpg,images/helpful-hacker-adrian-lamo-faces-federal-charges-31548.jpg,https://www.technewsworld.com/story/helpful-hacker-adrian-lamo-faces-federal-charges-31548.html
high-tech-shift-from-home-computing-to-homeland-defense-31333,High-Tech Shift: From Home Computing to Homeland Defense,Gene J. Koprowski,"August 14, 2003 4:00 AM PT",Security,TECHNOLOGY SPECIAL REPORT,"From the 1970s to the late 1990s, the computer industry's main source of revenue came from developing business and consumer markets through channels like the personal computer, client-server networking technologies and, eventually, commercialization of the Internet. But with consumer and business technology spending down from the historic heights of just a few years ago, and only now starting to rebound, computer companies once again have looked to the government for work to keep their software developers and hardware engineers busy.",https://www.technewsworld.com/wp-content/uploads/sites/3/2021/05/sri-dfirst-tank-2.jpg,images/high-tech-shift-from-home-computing-to-homeland-defense-31333.jpg,https://www.technewsworld.com/story/high-tech-shift-from-home-computing-to-homeland-defense-31333.html
how-the-galaxy-s25-ultra-finally-weaned-me-off-my-iphone-addiction-179660,How the Galaxy S25 Ultra Weaned Me Off My iPhone Addiction,Mark N. Vena,"March 20, 2025 11:11 AM PT",Smartphones,,"I never thought this day would come. Seriously. After 18 years in Apple’s warm, minimalist embrace, I’ve crossed over to Samsung. And you know what? I’m not looking back.",https://www.technewsworld.com/wp-content/uploads/sites/3/2025/03/Samsung-Galaxy-S25-Ultra-front-view.jpg,images/how-the-galaxy-s25-ultra-finally-weaned-me-off-my-iphone-addiction-179660.jpg,https://www.technewsworld.com/story/how-the-galaxy-s25-ultra-finally-weaned-me-off-my-iphone-addiction-179660.html
hp-needs-more-than-a-new-ceo-180475,HP Needs More Than a New CEO | Analysis,Mark N. Vena,"August 4, 2026 7:50 AM PT",IT Leadership,ANALYSIS,"Mark Vena explains why HP needs more than a new CEO, arguing its next leader must build a new growth engine beyond PCs and printing.",https://www.technewsworld.com/wp-content/uploads/sites/3/2025/03/hp-sign.jpg,images/hp-needs-more-than-a-new-ceo-180475.jpg,https://www.technewsworld.com/story/hp-needs-more-than-a-new-ceo-180475.html
hps-ipaq-update-highlights-handheld-trend-31445,HP's iPaq Update Highlights Handheld Trend,Jay Lyman,"August 27, 2003 9:19 AM PT",Technology,,"Arming its low-end handheld iPaq with a more efficient processor, expansion slot for Web connectivity and lower price point, Hewlett-Packard's update of the PDA reflects an industry-wide trend of adding features to handhelds while dropping prices to compete. HP said it will phase out the predecessors of the revamped iPaq h1935, which is now available for $199 and includes a SecureDigital expansion slot for memory and wireless cards or digital cameras. IDC analyst Alex Slawsby told TechNewsWorld that the latest iPaq, weighing 4.37 ounces, is HP's answer to lower-priced entries into the PDA market.",https://www.technewsworld.com/wp-content/uploads/sites/3/2021/05/microsoft-pctpc-2.jpg,images/hps-ipaq-update-highlights-handheld-trend-31445.jpg,https://www.technewsworld.com/story/hps-ipaq-update-highlights-handheld-trend-31445.html
ibm-and-cisco-sync-widen-san-coverage-31120,"IBM and Cisco Sync, Widen SAN Coverage",Jay Lyman,"July 15, 2003 9:45 AM PT",Hardware,,"IBM and Cisco are continuing their collaboration on storage area networks, touting long-distance connectivity and cost savings through the new Fibre Channel Over IP protocol. The two companies claim the Cisco MDS 9000 IP Storage Services Module, which will be resold by IBM, will provide long-distance SAN connectivity across existing infrastructures and will offer benefits to storage availability and to the bottom line.",https://www.technewsworld.com/wp-content/uploads/sites/3/2021/05/partnership-3.jpg,images/ibm-and-cisco-sync-widen-san-coverage-31120.jpg,https://www.technewsworld.com/story/ibm-and-cisco-sync-widen-san-coverage-31120.html
ibm-and-suse-achieve-security-cert-for-linux-31266,IBM and SuSE Achieve Security Cert for Linux,Jay Lyman,"August 5, 2003 8:43 AM PT",Computing,,"The next major step for Linux might be to penetrate higher-security computing environments, primarily in government and financial services, thanks to a certification achieved by an open-source configuration from SuSE and IBM. Calling it ""the first ever security certification of Linux,"" Big Blue and German software maker SuSE said the Common Criteria Security certification is the next step in the maturation of Linux and marks the open-source software's readiness for mission-critical applications.",https://www.technewsworld.com/wp-content/uploads/sites/3/2021/05/security-7.jpg,images/ibm-and-suse-achieve-security-cert-for-linux-31266.jpg,https://www.technewsworld.com/story/ibm-and-suse-achieve-security-cert-for-linux-31266.html
ibm-pushes-linux-in-face-of-sco-suit-31196,IBM Pushes Linux in Face of SCO Suit,Jay Lyman,"July 25, 2003 1:42 PM PT",Computing,,"Despite SCO's claims that IBM is using SCO source code in its Linux products, Big Blue is offering Linux for free to customers who are using its pSeries servers. The giveaway of a free license for SuSE Linux Enterprise Server 8, limited to one per customer, might just be a marketing ploy, but it might also represent a show of confidence in the face of SCO's claims on Linux, Aberdeen Group research director Bill Claybrook told TechNewsWorld. ""Maybe they're trying to show externally they're not worried,"" he said.",https://www.technewsworld.com/wp-content/uploads/sites/3/2021/05/ibm-linux-sco-1.jpg,images/ibm-pushes-linux-in-face-of-sco-suit-31196.jpg,https://www.technewsworld.com/story/ibm-pushes-linux-in-face-of-sco-suit-31196.html
ibm-to-build-worlds-fastest-linux-supercomputer-31227,IBM To Build World's Fastest Linux Supercomputer,Staff Writer,"July 30, 2003 10:52 AM PT",Computing,"August 27, 2026 01:41:17 AM","IBM has announced that Japan's largest national research agency, the National Institute of Advanced Industrial Science and Technology (AIST), has commissioned the company to build what will be the world's most powerful Linux supercomputer. The system will comprise a cluster of 1,058 IBM eServer 325 systems with 2,636 processors, including 2,116 AMD Opteron 64-bit chips. Also, the computer will run on SuSE Linux Enterprise Server 8 and will be able to perform more than 11 trillion calculations per second.",https://www.technewsworld.com/wp-content/uploads/sites/3/2021/05/ibm-supercomputer-1.jpg,,https://www.technewsworld.com/story/ibm-to-build-worlds-fastest-linux-supercomputer-31227.html
ibms-future-strategy-grid-computing-everywhere-31269,IBM's Future Strategy: Grid Computing Everywhere,Paul Korzeniowski,"August 6, 2003 4:00 AM PT",Hardware,TECHNOLOGY SPECIAL REPORT,"A sense of deja vu is sweeping through IBM's executive offices. Hardware, a category of computer technology that has been commoditized over the past several years because of falling prices, once again has become sexy -- so sexy, in fact, that it has become the linchpin in IBM's quest to maintain its position as one of the industry's most important vendors. The hardware model at the center of IBM's technology strategy is called grid computing, a high-end architectural strategy of making multiple computers work on the same computational problem simultaneously.",https://www.technewsworld.com/wp-content/uploads/sites/3/2021/05/circuit-technology-04.jpg,images/ibms-future-strategy-grid-computing-everywhere-31269.jpg,https://www.technewsworld.com/story/ibms-future-strategy-grid-computing-everywhere-31269.html
icann-demands-sitefinder-halt-verisign-complies-31760,"ICANN Demands SiteFinder Halt, VeriSign Complies",Jay Lyman,"October 3, 2003 2:49 PM PT",Computing,,"Having failed to convince VeriSign to suspend its Web redirection service that began September 15th, the body that oversees all domain registrars is now pointing to contract violations and demanding that VeriSign halt the service. The Internet Corporation for Assigned Names and Numbers (ICANN) sent a letter to VeriSign that faulted VeriSign's service for its ""substantial adverse effect on the core operation of the domain name system, on the stability of the Internet and the .com and .net top-level domains.""",https://www.technewsworld.com/wp-content/uploads/sites/3/2021/05/verisign-2.jpg,images/icann-demands-sitefinder-halt-verisign-complies-31760.jpg,https://www.technewsworld.com/story/icann-demands-sitefinder-halt-verisign-complies-31760.html
idc-researchers-brighten-worldwide-pc-outlook-31507,IDC Researchers Brighten Worldwide PC Outlook,Jay Lyman,"September 5, 2003 9:59 AM PT",Hardware,,"Lifted by higher sales of more powerful and less expensive notebook computers, the worldwide and U.S. PC markets are delivering better results than expected, according to industry research firm IDC. In its upcoming quarterly forecast, IDC ups its numbers two points, raising the global market growth forecast to nearly 8.5 percent and the U.S. market outlook to more than 7 percent. IDC analyst Alan Promisel told TechNewsWorld that several quarters of modest economic growth, falling unemployment, corporate revenue and solid consumer spending all have contributed to the PC market growth.",https://www.technewsworld.com/wp-content/uploads/sites/3/2021/05/idc-pc-sales-report.jpg,images/idc-researchers-brighten-worldwide-pc-outlook-31507.jpg,https://www.technewsworld.com/story/idc-researchers-brighten-worldwide-pc-outlook-31507.html
identity-theft-countermeasures-31775,Identity Theft Countermeasures,Jack M. Germain,"October 7, 2003 4:13 AM PT",Security,,"The Federal Trade Commission announced in September that 27.3 million Americans have fallen victim to identity theft in the past five years. About half of those thefts took place last year. According to the FTC report, the thefts resulted from several outlets that include credit cards, ATM machines and the Internet. The prominence of the Internet is often blamed for the increase in the number of identity thefts. But that view of the Internet as a wasteland filled with digital highway robbers is greatly exaggerated.",https://www.technewsworld.com/wp-content/uploads/sites/3/2021/05/ftc-identity-theft.jpg,images/identity-theft-countermeasures-31775.jpg,https://www.technewsworld.com/story/identity-theft-countermeasures-31775.html
im-interoperability-getting-aol-msn-and-yahoo-to-talk-31746,"IM Interoperability: Getting AOL, MSN and Yahoo To Talk",Brian R. Hook,"October 3, 2003 4:11 AM PT",Security,,"Various instant messaging (IM) products are readily available around the Internet, and because of the wide variety of options, the Internet has the potential to turn into a modern-day tower of Babel, with everyone using different IM products. Programmers, however, are busy working to fix this potential problem with all-in-one software applications that allow users to communicate with friends and colleagues who use different platforms like MSN, AOL and Yahoo.",https://www.technewsworld.com/wp-content/uploads/sites/3/2021/05/msn-chat.jpg,images/im-interoperability-getting-aol-msn-and-yahoo-to-talk-31746.jpg,https://www.technewsworld.com/story/im-interoperability-getting-aol-msn-and-yahoo-to-talk-31746.html
indemnification-and-linux-insanity-31702,Indemnification and Linux Insanity,Rob Enderle,"September 29, 2003 11:18 AM PT",Hardware,OPINION,"Recently, a letter from the Linux community to SCO supposedly addressed the concerns SCO has created in the industry about open-source software. However, the letter fails to accomplish its apparent goals and, in my opinion, increases SCO's short-term chances of successfully getting funding from large corporate Linux users. In fact, in reading the letter, I wondered whether it was actually written by someone being paid by SCO, which probably means I'm spending too much time with the open-source software folks and have begun to become as paranoid as they are about secret conspiracies.",https://www.technewsworld.com/wp-content/uploads/sites/3/2021/05/sco-gpl-linux-1.jpg,,https://www.technewsworld.com/story/indemnification-and-linux-insanity-31702.html
infopath-and-onenote-headline-microsoft-office-2003-31396,Infopath and OneNote Headline Microsoft Office 2003,John P. Mello Jr.,"August 21, 2003 1:20 PM PT",Applications,"August 27, 2026 01:47:28 AM","What's so great about the Office 2003 software system that Microsoft announced yesterday was ready to roll off the assembly line? While the software company has indeed spruced up the core applications in the package, that's not the big news. The big news about Office 2003 is not the incremental upgrade to the Office stable of applications; it's the company's insertion into the Office lineup of several entirely new technologies, including Infopath and OneNote.",https://www.technewsworld.com/wp-content/uploads/sites/3/2021/05/microsoft-office-2003-1.jpg,,https://www.technewsworld.com/story/infopath-and-onenote-headline-microsoft-office-2003-31396.html
inside-the-analog-world-of-national-semiconductor-31290,Inside the Analog World of National Semiconductor,David Halperin,"August 8, 2003 4:00 AM PT",Hardware,TECHNOLOGY SPECIAL REPORT,"Digital this, digital that. What about analog? We are awash in a sea of zeroes and ones, and it's tempting to assume that analog electronics are set to become history. However, most digital devices still do require analog circuitry, so several companies have specialized in the design and manufacture of analog components. National Semiconductor, based in Santa Clara, California, is one of the major players. The company's motto, ""the sight and sound of information,"" provides a good clue to its focus on this market.",https://www.technewsworld.com/wp-content/uploads/sites/3/2021/05/nationalsemi-cp3bt-1.jpg,images/inside-the-analog-world-of-national-semiconductor-31290.jpg,https://www.technewsworld.com/story/inside-the-analog-world-of-national-semiconductor-31290.html
inside-windows-server-2003-31677,Inside Windows Server 2003,Brian R. Hook,"September 26, 2003 4:13 AM PT",Applications,,"Windows is often the whipping boy when it comes to server platforms. But many in the industry now admit that Windows Server 2003 offers some significant breakthroughs over earlier versions of Microsoft's server software -- a change that could help Microsoft compete more effectively against Unix and Linux servers. Windows Server 2003 is engineered with components that are based on new design practices, like the company's new Internet Information Server 6.0 -- Windows Server 2003's Web server software -- which was rewritten from the ground up to offer better security.",https://www.technewsworld.com/wp-content/uploads/sites/3/2021/05/ms-windowsserver2003-1.jpg,images/inside-windows-server-2003-31677.jpg,https://www.technewsworld.com/story/inside-windows-server-2003-31677.html
intel-partners-with-wave-systems-to-put-security-into-chips-31251,Intel Partners with Wave Systems to Put Security Into Chips,Jay Lyman,"August 1, 2003 12:38 PM PT",Hardware,,"Security will move farther from the fallible hands of users and closer to the heart of the computer with a deal announced by Intel and Wave Systems. The deal will help bridge the gap between hardware and software protection. Chip giant Intel will use software from Lee, Massachusetts-based Wave Systems to support a security measure known as the Trusted Platform Module in a version of Intel's desktop motherboards to be released in the fourth quarter, Intel spokesperson Mary Ellin Brooks told TechNewsWorld.",https://www.technewsworld.com/wp-content/uploads/sites/3/2021/05/intel-itanium2-3.jpg,images/intel-partners-with-wave-systems-to-put-security-into-chips-31251.jpg,https://www.technewsworld.com/story/intel-partners-with-wave-systems-to-put-security-into-chips-31251.html
intel-speeds-mobile-phones-with-single-chip-processor-31545,Intel Speeds Mobile Phones with Single-Chip Processor,Jay Lyman,"September 10, 2003 9:35 AM PT",Computing,,"Leveraging new wireless network technology that will more than double data rates in mobile phones, Intel has developed a single-chip processor for the next generation of mobile networks, called Enhanced Data Rates for GSM Evolution (EDGE). The chip, the Intel PXA800EF processor, is the industry's first single-chip EDGE processor. It combines handheld-computer and mobile-phone components to enable new data capabilities and longer battery life, according to the chip giant.",https://www.technewsworld.com/wp-content/uploads/sites/3/2021/05/intel-PXA800EF-edge.jpg,images/intel-speeds-mobile-phones-with-single-chip-processor-31545.jpg,https://www.technewsworld.com/story/intel-speeds-mobile-phones-with-single-chip-processor-31545.html
intel-to-focus-on-broadband-wireless-chips-21803,Intel To Focus on Broadband Wireless Chips,Jay Lyman,"July 10, 2003 2:43 PM PT",Computing,,"Complementing its recent wireless push -- spearheaded by the company's new Centrino mobile chips -- Intel has announced it is developing fixed wireless silicon products designed to extend the reach of mobile networking. The Santa Clara, California-based chip giant said that the wireless broadband equipment, to be based on the new 802.16a standard, will provide an alternative to existing last-mile broadband access such as cable and DSL.",https://www.technewsworld.com/wp-content/uploads/sites/3/2021/05/intel-mobile-laptop-1.jpg,images/intel-to-focus-on-broadband-wireless-chips-21803.jpg,https://www.technewsworld.com/story/intel-to-focus-on-broadband-wireless-chips-21803.html
intel-unveils-more-efficient-rack-ready-itaniums-31519,"Intel Unveils More Efficient, Rack-Ready Itaniums",Jay Lyman,"September 8, 2003 9:55 AM PT",Hardware,,"Intel is aiming new energy-efficient Itanium 2 processors at mainstream, high-density servers and high-performance applications with two lower-cost Itanium designs. The Santa Clara, California-based chip manufacturer, which spurred optimism with its updated third-quarter revenue predictions last week, said the new chips have already begun shipping in server systems from HP, IBM and others. While technically close to the Itanium family of processors, the two new chips have lower clock speeds and cache sizes to facilitate their use in rack-mounted or blade-type environments.",https://www.technewsworld.com/wp-content/uploads/sites/3/2021/05/low-voltage-intel-itanium-2.jpg,images/intel-unveils-more-efficient-rack-ready-itaniums-31519.jpg,https://www.technewsworld.com/story/intel-unveils-more-efficient-rack-ready-itaniums-31519.html
internet-esperanto-web-services-enter-the-mainstream-31314,Internet Esperanto: Web Services Enter the Mainstream,Diane Stresing,"August 12, 2003 4:00 AM PT",Security,TECHNOLOGY SPECIAL REPORT,"It's official: Web services technology has gone mainstream. The technology -- which consists mainly of software designed to let business systems communicate with each other across the Internet without human intervention -- is already making a huge impact on how companies share information and conduct business online. In December of last year, 52 percent of North American IT executives responding to a Forrester study said they either had a Web services project in production or were rolling one out.",https://www.technewsworld.com/wp-content/uploads/sites/3/2021/05/collaboration-5.jpg,images/internet-esperanto-web-services-enter-the-mainstream-31314.jpg,https://www.technewsworld.com/story/internet-esperanto-web-services-enter-the-mainstream-31314.html
internet-protocol-for-the-future-ipv6-poised-for-adoption-31230,Internet Protocol for the Future: IPv6 Poised for Adoption,Gene J. Koprowski,"July 30, 2003 3:30 PM PT",Technology,TECHNOLOGY SPECIAL REPORT,"Version six of Internet Protocol -- or IPv6 -- was approved as a standard many years ago, but the high cost of rolling it out has been too severe for the slow economic recovery. After all, implementing the required networking technologies associated with rolling out the protocol en masse requires replacing routers and other equipment geared to the older standard, IPv4. However, that is starting to change, dramatically. ""Major forces are beginning to push for the deployment of IPv6-capable networks,"" John Roese, chief technology officer of developer Enterasys, told TechNewsWorld.",https://www.technewsworld.com/wp-content/uploads/sites/3/2021/05/ipv6-1.jpg,images/internet-protocol-for-the-future-ipv6-poised-for-adoption-31230.jpg,https://www.technewsworld.com/story/internet-protocol-for-the-future-ipv6-poised-for-adoption-31230.html
invisible-ai-agents-creating-new-enterprise-security-risks-180514,Invisible AI Agents Create New Enterprise Security Risks,John P. Mello Jr.,"August 26, 2026 5:00 AM PT",Cybersecurity,,"AI agents operating outside IT oversight can gain broad system access, creating new risks from data exposure, prompt injection and security flaws.",https://www.technewsworld.com/wp-content/uploads/sites/3/2026/08/ai-agent-security-risks.jpg,images/invisible-ai-agents-creating-new-enterprise-security-risks-180514.jpg,https://www.technewsworld.com/story/invisible-ai-agents-creating-new-enterprise-security-risks-180514.html
is-smartphone-preference-a-left-or-right-brain-thing-180506,Is Your Smartphone Preference a Left or Right Brain Thing?,Mark N. Vena,"August 18, 2026 6:00 AM PT",Smartphones,ANALYST COMMENTARY,Analyst Mark Vena examines why iPhone and Android preferences may have less to do with how our brains work and more to do with decades of learned behavior.,https://www.technewsworld.com/wp-content/uploads/sites/3/2026/08/iphone-android-left-brain-right-brain.jpg,images/is-smartphone-preference-a-left-or-right-brain-thing-180506.jpg,https://www.technewsworld.com/story/is-smartphone-preference-a-left-or-right-brain-thing-180506.html
isp-subpoenas-from-riaa-met-with-protest-31158,ISP Subpoenas from RIAA Met with Protest,Jay Lyman,"July 21, 2003 1:06 PM PT",Technology,,"Responding to recent judicial and legislative efforts to sue and prosecute users of peer-to-peer file-sharing networks, opponents of the Recording Industry Association of America are calling for protests. The RIAA recently moved forward on its threat to sue individual users of popular P2P networks by issuing subpoenas to Internet service providers, aiming to identify users who are sharing copyrighted music through applications such as Kazaa and Grokster.",https://www.technewsworld.com/wp-content/uploads/sites/3/2021/05/music-piracy-1.jpg,images/isp-subpoenas-from-riaa-met-with-protest-31158.jpg,https://www.technewsworld.com/story/isp-subpoenas-from-riaa-met-with-protest-31158.html
japan-strikes-against-microsoft-with-open-source-31522,Japan Strikes Against Microsoft with Open Source,Rob Enderle,"September 8, 2003 2:10 PM PT",Computing,OPINION,"In an effort to target Microsoft and the operating system industry, Japan has proposed an Asian open-source operating system. Initially, the country was a major player in the PC market, but in software it is almost insignificant internationally. However, the current environment with Microsoft in Asia is dynamic. Microsoft's products are largely sold by others who will generally move where the revenue is. More importantly, these channel partners are themselves under siege by an economy that is struggling to recover against less-than-acceptable profit margins.",https://www.technewsworld.com/wp-content/uploads/sites/3/2021/05/km-open-source-suprt.jpg,images/japan-strikes-against-microsoft-with-open-source-31522.jpg,https://www.technewsworld.com/story/japan-strikes-against-microsoft-with-open-source-31522.html
joining-the-digital-ranks-worldwide-computer-certification-31502,Joining the Digital Ranks: Worldwide Computer Certification,Gene J. Koprowski,"September 5, 2003 3:59 AM PT",Technology,,"Sean North, president of North Notes, LLC, earlier in his career worked for five years on a computer help desk, supporting employees who didn't have proper computer training and didn't know a PC from a portal. ""It does seem like one needs to be certified in IT just to be able to use a PC or a laptop these days,"" North told TechNewsWorld. It used to be that only high-end computer developers and programmers sought accreditation on tools developed by Microsoft, Sun or Novell. Now, the dispossessed of computing -- trying to join the digital literati -- are seeking out certification to prove that they too can compute.",https://www.technewsworld.com/wp-content/uploads/sites/3/2021/05/certificate-it-1.jpg,images/joining-the-digital-ranks-worldwide-computer-certification-31502.jpg,https://www.technewsworld.com/story/joining-the-digital-ranks-worldwide-computer-certification-31502.html
latest-windows-flaws-foretell-worm-threat-31134,Latest Windows Flaws Foretell Worm Threat,Jay Lyman,"July 17, 2003 8:27 AM PT",Security,,"Microsoft has warned of critical flaws in nearly all versions of its Windows operating systems. According to the company, the flaws could leave millions of computers vulnerable to attack. While computers would still be protected by firewalls and blocked ports, security experts expressed concern that the widely used Microsoft software is likely to be a big target for attackers. ""It's really critical in nature,"" ISS X-Force vice president Chris Rouland told TechNewsWorld.",https://www.technewsworld.com/wp-content/uploads/sites/3/2021/05/virus-7.jpg,images/latest-windows-flaws-foretell-worm-threat-31134.jpg,https://www.technewsworld.com/story/latest-windows-flaws-foretell-worm-threat-31134.html
law-firms-grapple-with-hallucinated-legal-logic-shadow-ai-180338,"Law Firms Confront Hallucinated Legal Logic, Shadow AI",Jack M. Germain,"May 14, 2026 5:00 AM PT",Artificial Intelligence,,"AI hallucinations and shadow AI are forcing law firms to rethink legal review, governance, and oversight as court sanctions continue to rise.",https://www.technewsworld.com/wp-content/uploads/sites/3/2026/05/legal-ai-governance.jpg,images/law-firms-grapple-with-hallucinated-legal-logic-shadow-ai-180338.jpg,https://www.technewsworld.com/story/law-firms-grapple-with-hallucinated-legal-logic-shadow-ai-180338.html
lexar-launches-4-gb-compactflash-card-31260,Lexar Launches 4-GB CompactFlash Card,Kirk L. Kroeker,"August 4, 2003 3:20 PM PT",Hardware,PRODUCT PROFILE,"Lexar Media is shipping the world's first 4-GB CompactFlash memory card. Specifically designed for professional photographers shooting high-resolution images -- and priced at an industry high of $1,499 -- the card can store about 600 images captured in raw mode using a 6-megapixel camera. Amateur photographers shooting with lower-resolution cameras can expect to capture as many as 45,000 JPEG images using the card. The actual number of images a 4-GB card can store depends on camera quality, picture resolution and image file format.",https://www.technewsworld.com/wp-content/uploads/sites/3/2021/05/storage-06.jpg,,https://www.technewsworld.com/story/lexar-launches-4-gb-compactflash-card-31260.html
license-plate-reader-adds-device-snooping-feature-180421,License Plate Reader Adds Device Tracking Feature,John P. Mello Jr.,"June 30, 2026 5:00 AM PT",Privacy,,"A new ALPR upgrade correlates nearby electronic devices with vehicles, raising questions about privacy, Fourth Amendment protections, and cybersecurity.",https://www.technewsworld.com/wp-content/uploads/sites/3/2026/06/leonardo-signaltrace.jpg,images/license-plate-reader-adds-device-snooping-feature-180421.jpg,https://www.technewsworld.com/story/license-plate-reader-adds-device-snooping-feature-180421.html
life-after-moores-law-beyond-silicon-31137,Life After Moore's Law: Beyond Silicon,Gene J. Koprowski,"July 18, 2003 4:00 AM PT",Hardware,TECHNOLOGY SPECIAL REPORT,"In 1965, Gordon Moore, Intel's cofounder, predicted that the number of transistors on an integrated circuit would double every 18 months. In some people's eyes, that law -- which has become somewhat of an accepted axiom in the computer industry -- has been losing veracity. There are some who think there are limits to the growth potential of silicon-based semiconductors. But others, including researchers at Lucent's semiconductor division, reckon that silicon technology still has enough capacity to handle many more generations of innovation.",https://www.technewsworld.com/wp-content/uploads/sites/3/2021/05/innovation-03-chip.jpg,images/life-after-moores-law-beyond-silicon-31137.jpg,https://www.technewsworld.com/story/life-after-moores-law-beyond-silicon-31137.html
lindows-com-launches-cd-based-internet-ready-pc-31165,"Lindows.com Launches CD-Based, Internet-Ready PC",Kirk L. Kroeker,"July 22, 2003 11:07 AM PT",Hardware,PRODUCT PROFILE,"Lindows.com has launched what the company is calling a ""new class"" of computer, insisting it is not a mere thin client or Internet appliance. The new Lindows WebStation is an Internet-ready, full-fledged computer designed specifically to be a family's second PC, a business terminal or a public-access kiosk. Unlike many single-purpose thin clients, WebStations offer several general-purpose applications, including Web browsing software, instant messaging capabilities, audio/video playback, Web-based e-mail and a Microsoft-compatible office suite.",https://www.technewsworld.com/wp-content/uploads/sites/3/2021/05/lindows-os3-screen-1.jpg,images/lindows-com-launches-cd-based-internet-ready-pc-31165.jpg,https://www.technewsworld.com/story/lindows-com-launches-cd-based-internet-ready-pc-31165.html
linux-community-mounts-fight-sco-responds-31301,"Linux Community Mounts Fight, SCO Responds",Jay Lyman,"August 8, 2003 12:26 PM PT",Computing,"August 27, 2026 01:43:40 AM","The Linux legal war increased in scope and ferocity this week as IBM coutersued SCO, which had claimed Big Blue wrongfully used SCO Unix source code in Linux. Meanwhile, the open-source community has almost unilaterally aligned against Lindon, Utah-based SCO by supporting the counterclaim. The IBM counterclaim, which asks the courts to stop SCO from ""misrepresenting its rights"" and accuses SCO of patent infringement, won the support of Novell, according to an IBM e-mail obtained by TechNewsWorld.",https://www.technewsworld.com/wp-content/uploads/sites/3/2021/05/ibm-novell-sco-1.jpg,images/linux-community-mounts-fight-sco-responds-31301.jpg,https://www.technewsworld.com/story/linux-community-mounts-fight-sco-responds-31301.html
linux-hits-landmarks-in-los-alamos-supercomputer-deals-31354,Linux Hits Landmarks in Los Alamos Supercomputer Deals,Jay Lyman,"August 15, 2003 9:01 AM PT",Hardware,,"Los Alamos National Laboratory announced plans with system builder Linux Networx to build a Linux cluster supercomputer, using AMD Opteron processors, that will rank among the top 10 of the world's fastest computers and will facilitate nuclear weapons research. Linux Networx -- which also scored a second deal for a smaller, 256-node system that will be the largest InfiniBand cluster to date -- touted the rapid deployment of the system, dubbed ""Lightning,"" that is scheduled for delivery in September.",https://www.technewsworld.com/wp-content/uploads/sites/3/2021/05/lightning-linux-1.jpg,images/linux-hits-landmarks-in-los-alamos-supercomputer-deals-31354.jpg,https://www.technewsworld.com/story/linux-hits-landmarks-in-los-alamos-supercomputer-deals-31354.html
linux-microsoft-and-the-64-bit-decade-31643,"Linux, Microsoft and the 64-Bit Decade",Rob Enderle,"September 22, 2003 3:35 PM PT",Computing,OPINION,"Linux remains overmatched in the 32-bit world on the desktop. There is just too large a base of Windows users and related applications for Linux to dominate the market in a reasonable period of time. However, transitions breed change, and the industry is about to take a big step into the 64-bit world, where the playing field is either level or actually might favor Linux. The dynamic that exists in the 32-bit world, which favors Windows, is upside down in the existing 64-bit world that favors Unix.",https://www.technewsworld.com/wp-content/uploads/sites/3/2021/05/64-bit-computing-1.jpg,images/linux-microsoft-and-the-64-bit-decade-31643.jpg,https://www.technewsworld.com/story/linux-microsoft-and-the-64-bit-decade-31643.html
mark-zuckerberg-makes-the-case-for-superintelligence-for-everyone-180491,Zuckerberg Makes His Case for Superintelligence for All,John P. Mello Jr.,"August 11, 2026 5:00 AM PT",Artificial Intelligence,"August 27, 2026 01:18:07 AM","Mark Zuckerberg wants superintelligence in everyone’s hands, but experts question who will benefit most from the AI revolution.",https://www.technewsworld.com/wp-content/uploads/sites/3/2023/05/ai-brain.jpg,images/mark-zuckerberg-makes-the-case-for-superintelligence-for-everyone-180491.jpg,https://www.technewsworld.com/story/mark-zuckerberg-makes-the-case-for-superintelligence-for-everyone-180491.html
microsoft-announces-beta-of-xp-for-64-bit-amd-processor-31655,Microsoft Announces Beta of XP for 64-Bit AMD Processor,John P. Mello Jr.,"September 23, 2003 2:36 PM PT",Hardware,,"Microsoft has announced it is releasing a beta version of Windows XP for AMD's new 64-bit processor. That's both good news and bad news for AMD. The good news is that Microsoft is showing significant support for the new processor by making a version of XP for it. The bad news is that Microsoft won't have a final production version of the operating system this year. ""The actual finished product will be available in the first quarter of 2004,"" Windows XP project manager Tracy Overby told TechNewsWorld.",https://www.technewsworld.com/wp-content/uploads/sites/3/2021/05/amd64-wow64.jpg,images/microsoft-announces-beta-of-xp-for-64-bit-amd-processor-31655.jpg,https://www.technewsworld.com/story/microsoft-announces-beta-of-xp-for-64-bit-amd-processor-31655.html
microsoft-based-motorola-phone-in-works-from-orange-31512,Microsoft-Based Motorola Phone in Works from Orange,Jay Lyman,"September 5, 2003 3:24 PM PT",Hardware,,"Looking to land its first major handset maker as a Windows Mobile software customer, Microsoft is reportedly involved in a deal with Motorola, the company that will build the new smart phone to be offered by French operator Orange. A briefing is scheduled for next week, and industry insiders told TechNewsWorld that the move was expected, especially given Motorola's existing relationship with Microsoft and its software. ""It's really just been a question of how long before this happens,"" Gartner research vice president Phil Redman told TechNewsWorld.",https://www.technewsworld.com/wp-content/uploads/sites/3/2021/05/microsoft-motorola-orange-phone.jpg,images/microsoft-based-motorola-phone-in-works-from-orange-31512.jpg,https://www.technewsworld.com/story/microsoft-based-motorola-phone-in-works-from-orange-31512.html
microsoft-issues-rpc-warnings-updates-31549,"Microsoft Issues RPC Warnings, Updates",Kirk L. Kroeker,"September 10, 2003 4:17 PM PT",Security,"August 27, 2026 01:51:13 AM","Microsoft's disclosure of three new security holes in Windows came just moments before its senior security strategist, Phil Reitinger, told lawmakers on the House Government Reform technology subcommittee about the company's efforts to help consumers defend themselves against viruses and other Internet attacks. Specifically, the three newly identified flaws are in the RPC protocol in Windows, and two of them are similar to the vulnerability attacked by Blaster.",https://www.technewsworld.com/wp-content/uploads/sites/3/2021/05/windows-rpc-vulnerability.jpg,images/microsoft-issues-rpc-warnings-updates-31549.jpg,https://www.technewsworld.com/story/microsoft-issues-rpc-warnings-updates-31549.html
microsoft-passport-and-the-future-of-authentication-31667,Microsoft Passport and the Future of Authentication,Jack M. Germain,"September 25, 2003 4:13 AM PT",Security,- [Next Article in Security](https://www.technewsworld.com/story/california-law-to-ban-all-spam-31669.html?cat_id=118),"Microsoft's .NET Passport, one of the largest online authentication services in operation, has more than 200 million active accounts and handles more than 4 billion authentications per month. As a whole, Microsoft's .NET Passport service is a collection of Internet-based technologies designed to make accessing e-commerce Web sites easier, faster and, in theory, more secure. However, critics have faulted Microsoft's centralized identification model as being fraught with security risks, largely because all user data is stored in one place.",https://www.technewsworld.com/wp-content/uploads/sites/3/2021/05/ms-net-passport-3.jpg,images/microsoft-passport-and-the-future-of-authentication-31667.jpg,https://www.technewsworld.com/story/microsoft-passport-and-the-future-of-authentication-31667.html
microsofts-advanced-research-division-comes-of-age-31366,Microsoft's Advanced-Research Division Comes of Age,Jack M. Germain,"August 19, 2003 4:11 AM PT",Computing,TECHNOLOGY SPECIAL REPORT,"Last month Microsoft hosted a summit to discuss major computing problems. The event has become an annual showcase for new research projects and for the massive dollar endowments that Microsoft's advanced-research division -- called Microsoft Research, or MSR -- provides to a worldwide network of universities. Once a lackluster research lab shrouded in secrecy, MSR has come into its own. But analysts are not sure whether Microsoft's extensive research reach -- fostered by massive funding efforts -- will successfully meet changing economic and end-user challenges.",https://www.technewsworld.com/wp-content/uploads/sites/3/2021/05/microsoft-msn-1.jpg,images/microsofts-advanced-research-division-comes-of-age-31366.jpg,https://www.technewsworld.com/story/microsofts-advanced-research-division-comes-of-age-31366.html
microsofts-next-big-move-longhorn-exposed-31262,Microsoft's Next Big Move: Longhorn Exposed,Gene J. Koprowski,"August 5, 2003 4:00 AM PT",Applications,TECHNOLOGY SPECIAL REPORT,"Microsoft's long-anticipated operating system -- code-named Longhorn -- has been hard to lasso. The company has been carefully controlling disclosures about the new OS, which is slated to be released in 2005. Even developers are keeping mum, for the most part. Extreme Logic's Paul Hernacki, like other software developers, spoke to TechNewsWorld cautiously about Longhorn. Hernacki said that most of what he knows about Longhorn cannot be disclosed because of the air-tight nondisclosure agreement his company signed with Microsoft.",https://www.technewsworld.com/wp-content/uploads/sites/3/2021/05/ms-longhorn-1.jpg,images/microsofts-next-big-move-longhorn-exposed-31262.jpg,https://www.technewsworld.com/story/microsofts-next-big-move-longhorn-exposed-31262.html
microsofts-office-2003-arrives-31382,Microsoft's Office 2003 Arrives,Jay Lyman,"August 20, 2003 9:14 AM PT",Applications,,"Calling its new office package an evolution from stand-alone, desktop applications to a more integrated software system, Microsoft has announced that Office 2003 is priced and ready for manufacturers. Aiming to up the stakes in the office software market, Microsoft called the software the most powerful iteration of Office to date and pitched it as an integrated system that is closely connected with Windows rather than a mere collection of separate applications.",https://www.technewsworld.com/wp-content/uploads/sites/3/2021/05/microsoft-office-1.jpg,images/microsofts-office-2003-arrives-31382.jpg,https://www.technewsworld.com/story/microsofts-office-2003-arrives-31382.html
mimail-e-mail-worm-spreads-quickly-31256,MiMail E-Mail Worm Spreads Quickly,Jay Lyman,"August 4, 2003 8:39 AM PT",Security,,"An e-mail worm posing as a system administrator message was rapidly spreading over the Internet as workers returned to the office Monday and unwittingly contributed to its proliferation by opening attachments. The worm, dubbed ""MiMail,"" indicates to receivers that their e-mail account will soon expire and tricks users into opening an attachment that contains malicious software -- called ""malware"" -- designed to spread itself. There was an insurgence of infection over the weekend and early on Monday.",https://www.technewsworld.com/wp-content/uploads/sites/3/2021/05/w32-mimail-1.jpg,images/mimail-e-mail-worm-spreads-quickly-31256.jpg,https://www.technewsworld.com/story/mimail-e-mail-worm-spreads-quickly-31256.html
musicmatch-launches-itunes-competitor-for-windows-31704,MusicMatch Launches iTunes Competitor for Windows,Jay Lyman,"September 29, 2003 1:29 PM PT",Hardware,,"The list of legitimate alternatives to the music-trading networks that were used by nearly 60 million people last year grew larger this week with a new service from San Diego-based MusicMatch. Similar to Apple's successful iTunes, which claimed 10 million downloads earlier this month, MusicMatch will let users download songs for 99 cents without a subscription. Like iTunes, each MusicMatch download is restricted according to a set of uniform rules: Tracks are playable on as many as three PCs, can be transferred to Windows Media-supported mobile players and can be burned to CDs.",https://www.technewsworld.com/wp-content/uploads/sites/3/2021/05/musicmatch-1.jpg,images/musicmatch-launches-itunes-competitor-for-windows-31704.jpg,https://www.technewsworld.com/story/musicmatch-launches-itunes-competitor-for-windows-31704.html
napster-beta-ready-to-rock-n-roll-31744,Napster Beta Ready To Rock 'n' Roll,John P. Mello Jr.,"October 2, 2003 1:54 PM PT",Technology,,"A brand synonomous with music piracy is about to reemerge from the scaly bosom of bankruptcy. A beta version of Napster, brought to its knees by music industry litigation over copyright violations, will be launched next Thursday by its white knight, Santa Clara, California-based Roxio. Roxio, well known for its CD-burning software for both PC and Macintosh computers, bought Napster for $5 million last year and vowed to launch a new, improved and legitimate version of the service by Christmas 2003 as a paid service.",https://www.technewsworld.com/wp-content/uploads/sites/3/2021/05/napster.jpg,images/napster-beta-ready-to-rock-n-roll-31744.jpg,https://www.technewsworld.com/story/napster-beta-ready-to-rock-n-roll-31744.html
nasa-information-technology-and-the-future-of-collaboration-31641,"NASA, Information Technology and the Future of Collaboration",David Halperin,"September 23, 2003 4:13 AM PT",Computing,,"Is it an urban myth, or is it really true that NASA sent the first men to the moon with less computing power than what sits inside today's average desktop? The answer largely depends on how you define ""computing power."" But however you define it, today's typical PC packs more punch than a 1960s mainframe. Back in the slide-rule days, space flight and information technology were in their relative infancy. But they were, so to speak, a match made in heaven. Few human activities rely more completely on IT than the exploration of space.",https://www.technewsworld.com/wp-content/uploads/sites/3/2021/05/nasa.jpg,images/nasa-information-technology-and-the-future-of-collaboration-31641.jpg,https://www.technewsworld.com/story/nasa-information-technology-and-the-future-of-collaboration-31641.html
nasuni-founder-andres-rodriguez-object-storage-offers-more-cloud-benefits-lower-cost-87474,Object Storage Offers More Cloud Benefits at Lower Cost,Jack M. Germain,"April 4, 2022 6:00 AM PT",Data Management,EXCLUSIVE INTERVIEW,We spoke with Nasuni Founder and CTO Andres Rodriquez about his journey to Nasuni and the advantages of object storage vs. block storage.,https://www.technewsworld.com/wp-content/uploads/sites/3/2022/02/cloud-server.jpg,images/nasuni-founder-andres-rodriguez-object-storage-offers-more-cloud-benefits-lower-cost-87474.jpg,https://www.technewsworld.com/story/nasuni-founder-andres-rodriguez-object-storage-offers-more-cloud-benefits-lower-cost-87474.html
network-security-warnings-ring-out-31126,Network Security Warnings Ring Out,Jay Lyman,"July 16, 2003 9:20 AM PT",Computing,,"Several computer and Internet security experts warned this week that while threats are on the rise and the lag time between vulnerability and attack is shrinking, government and the private sector have failed to team effectively on network security, leaving infrastructure and systems susceptible. Internet Security Systems reported in its quarterly risk summary that the number of serious security incidents increased 13.7 percent from the first quarter.",https://www.technewsworld.com/wp-content/uploads/sites/3/2021/05/hacker-2.jpg,images/network-security-warnings-ring-out-31126.jpg,https://www.technewsworld.com/story/network-security-warnings-ring-out-31126.html
networks-under-attack-following-cisco-router-flaw-31142,Networks Under Attack Following Cisco Router Flaw,Jay Lyman,"July 18, 2003 8:26 AM PT",Hardware,"August 27, 2026 01:39:00 AM","A software flaw in routers discovered by networking giant Cisco has forced Internet carriers and others to apply fixes quickly before attackers cause network outages by exploiting the vulnerability. Exploit code that takes advantage of the flaw was released early Friday morning, and networks using the Cisco routers and switches were being attacked once or twice per minute, ISS X-Force vice president Chris Rouland told TechNewsWorld.",https://www.technewsworld.com/wp-content/uploads/sites/3/2021/05/networking-1a.jpg,images/networks-under-attack-following-cisco-router-flaw-31142.jpg,https://www.technewsworld.com/story/networks-under-attack-following-cisco-router-flaw-31142.html
new-bill-makes-file-swapping-a-felony-31138,New Bill Makes File Swapping a Felony,Jay Lyman,"July 17, 2003 12:31 PM PT",Hardware,,"Legislation introduced into the U.S. Congress this week would make uploading a file to a peer-to-peer network a felony with penalties of up to $250,000 in fines and five years in prison. The bill, sponsored by Rep. John Conyers, Jr. (D-Michigan) and Rep. Howard Berman (D-California), is aimed at closing loopholes in current copyright legislation and more effectively dealing with crimes that are already against the law, an aide to Congressman Conyers told TechNewsWorld.",https://www.technewsworld.com/wp-content/uploads/sites/3/2021/05/cybercrime-1.jpg,images/new-bill-makes-file-swapping-a-felony-31138.jpg,https://www.technewsworld.com/story/new-bill-makes-file-swapping-a-felony-31138.html
new-open-source-security-flaws-exposed-31642,New Open-Source Security Flaws Exposed,Jay Lyman,"September 22, 2003 12:55 PM PT",Computing,,"Beneath all the noise generated by the latest security holes in Microsoft's Windows operating system, experts have warned of two open-source security flaws that could allow intruders to corrupt memory, take control of systems and launch a denial-of-service (DoS) attack. Software affected by the most serious flaw includes releases of the widely used Sendmail software, a mail transfer agent used in many Unix and Linux systems for processing and managing e-mail.",https://www.technewsworld.com/wp-content/uploads/sites/3/2021/05/sendmail-openssh.jpg,images/new-open-source-security-flaws-exposed-31642.jpg,https://www.technewsworld.com/story/new-open-source-security-flaws-exposed-31642.html
newest-worms-dominate-ugly-month-31477,Newest Worms Dominate Ugly Month,Jay Lyman,"September 2, 2003 9:04 AM PT",Security,,"SoBig.F, Blaster, Nachi and MiMail -- the most frequently occurring viruses in August -- helped make last month the worst in the history of computer security, according to antivirus firm Sophos. The business-focused antivirus company, in its monthly virus ranking, pegged the newest viruses as the top four, with SoBig garnering a whopping 37.6 percent of submissions and Blaster accounting for 18.8 percent. Nachi and Mimail each represented more than 5 percent of submissions.",https://www.technewsworld.com/wp-content/uploads/sites/3/2021/05/virus-1.jpg,images/newest-worms-dominate-ugly-month-31477.jpg,https://www.technewsworld.com/story/newest-worms-dominate-ugly-month-31477.html
no-patch-yet-for-internet-explorer-qhost-1-trojan-31752,No Patch Yet for Internet Explorer Qhost-1 Trojan,Jay Lyman,"October 3, 2003 9:49 AM PT",Security,,"Once again, computer attackers are taking advantage of a recent vulnerability -- this time an unpatched flaw in Microsoft's widely used Internet Explorer browser -- to have their way with vulnerable Windows machines through malicious programs known as Trojans. The software security holes that affect Internet Explorer versions 5.01 through 6.0, first disclosed in August, have been the basis for several attacks that reportedly consist of efforts to cash in on redirected Web traffic.",https://www.technewsworld.com/wp-content/uploads/sites/3/2021/05/qhost-1-trojan.jpg,images/no-patch-yet-for-internet-explorer-qhost-1-trojan-31752.jpg,https://www.technewsworld.com/story/no-patch-yet-for-internet-explorer-qhost-1-trojan-31752.html
office-politics-2003-microsoft-style-31571,"Office Politics 2003, Microsoft Style",David Halperin,"September 12, 2003 11:48 AM PT",Applications,,"Microsoft has moved up the public prerelease date of the new edition of its Office 2003 productivity suite to Monday, September 15, to let some of its business customers download the desktop application bundle about two weeks sooner than originally planned. The software -- which will be released to the general public in October -- will include the familiar quintet of Word, Excel, PowerPoint, Outlook and Access (in some versions also Visio, FrontPage and Publisher) and -- depending on which version you buy -- much more.",https://www.technewsworld.com/wp-content/uploads/sites/3/2021/05/microsoft-office-2003-1.jpg,,https://www.technewsworld.com/story/office-politics-2003-microsoft-style-31571.html
oracle-releases-entry-level-database-31800,Oracle Releases Entry-Level Database,Jay Lyman,"October 8, 2003 2:35 PM PT",Applications,,"Oracle has released an enterprise database for small businesses, promising the same features of its larger database at an entry-level price and position. With its popular database software now available for less than $1,000 in license fees, Oracle said the entry-level database -- designed to offer fast installation and simplified management -- shows the Redwood Shores, California-based company's commitment to small businesses, company spokesperson Leslie Rubin told TechNewsWorld.",https://www.technewsworld.com/wp-content/uploads/sites/3/2021/05/oracle-one-1.jpg,images/oracle-releases-entry-level-database-31800.jpg,https://www.technewsworld.com/story/oracle-releases-entry-level-database-31800.html
oracles-focus-shifts-to-technology-from-takeovers-31526,Oracle's Focus Shifts to Technology from Takeovers,Gene J. Koprowski,"September 9, 2003 8:36 AM PT",Applications,,"Oracle's takeover bid for competitor PeopleSoft -- which has dominated trade press headlines during the dog days of summer -- has somewhat obscured its technology rollout strategy. But that's about to change. This week at the OracleWorld 2003 conference in San Francisco, the database software giant has revealed more information about its long-heralded database software upgrade, Oracle 10i, a product many in the industry are calling Oracle 10g because of its grid-computing design.",https://www.technewsworld.com/wp-content/uploads/sites/3/2021/05/oracle-ellison-3.jpg,images/oracles-focus-shifts-to-technology-from-takeovers-31526.jpg,https://www.technewsworld.com/story/oracles-focus-shifts-to-technology-from-takeovers-31526.html
oracleworld-interrupted-by-bomb-threat-31559,OracleWorld Interrupted by Bomb Threat,Jay Lyman,"September 11, 2003 10:10 AM PT",Security,,"A day before the two-year anniversary of the September 11 terrorist attacks, a series of phone calls threatening the presence of a bomb at San Francisco's Moscone Center forced the evacuation of thousands from Oracle and Seybold trade shows. Authorities, on guard with the approach of September 11, reported a series of calls at about 1:30 PM Wednesday from someone who claimed the bomb had been placed in the conference center. Oracle spokesperson Jennifer Glass told TechNewsWorld that the police department cleared 14,000 people from Moscone Center.",https://www.technewsworld.com/wp-content/uploads/sites/3/2021/05/oracleworld-bomb-threat.jpg,images/oracleworld-interrupted-by-bomb-threat-31559.jpg,https://www.technewsworld.com/story/oracleworld-interrupted-by-bomb-threat-31559.html
p2p-united-issues-code-of-conduct-calls-on-congress-for-help-31717,"P2P United Issues Code of Conduct, Calls on Congress for Help",John P. Mello Jr.,"September 30, 2003 1:56 PM PT",Security,,"In an attempt to gain some legitimacy for its industry, a group of peer-to-peer (P2P) Internet companies has announced a ""code of conduct."" The companies -- collectively called P2P United -- offer services that, among other things, allow people to exchange music files over the Web, a practice that has ignited a massive litigation campaign by the Recording Industry Association of America. The announcement by P2P United was made on the same day reports emerged that the RIAA has settled 20 percent of its 261 lawsuits filed against alleged music pirates.",https://www.technewsworld.com/wp-content/uploads/sites/3/2021/05/p2punited.jpg,images/p2p-united-issues-code-of-conduct-calls-on-congress-for-help-31717.jpg,https://www.technewsworld.com/story/p2p-united-issues-code-of-conduct-calls-on-congress-for-help-31717.html
plasma-screens-and-the-future-of-display-technology-31715,Plasma Screens and the Future of Display Technology,Diane Stresing,"October 1, 2003 4:09 AM PT",Hardware,"August 27, 2026 01:55:50 AM","In the ever-expanding arena of large-display technology, is plasma here to stay? ""Plasma displays, I think, are a very awkward technology,"" James Jaskie, chief scientist at Motorola's Microelectronics and Physical Sciences Laboratory, told TechNewsWorld. Plasma display panels use emissive technology in which the display is created by electrodes igniting the plasma gas to give off various colors, Jaskie explained. ""Everyone we've talked to that makes plasma displays is eager to find another way,"" he said.",https://www.technewsworld.com/wp-content/uploads/sites/3/2021/05/planar-23-flat-mon-1.jpg,images/plasma-screens-and-the-future-of-display-technology-31715.jpg,https://www.technewsworld.com/story/plasma-screens-and-the-future-of-display-technology-31715.html
platform-internet-the-promise-of-grid-computing-31456,Platform Internet: The Promise of Grid Computing,Willy Chui,"August 29, 2003 4:21 AM PT",Security,,"As exciting as the Internet's past 30 years have been, they're only a shadow of what is to come. We are already catching glimpses of the future in projects sponsored by universities and pharmaceutical research labs. Grid computing -- a Web-based operation that will allow companies to share computing resources on demand -- is where we're headed. Simply put, grid computing uses more of a server's computing power. On the grid, the idle time of hundreds -- even thousands -- of servers can be harnessed by any customer needing a massive infusion of processing power.",https://www.technewsworld.com/wp-content/uploads/sites/3/2021/05/sun-1b.jpg,images/platform-internet-the-promise-of-grid-computing-31456.jpg,https://www.technewsworld.com/story/platform-internet-the-promise-of-grid-computing-31456.html
postal-service-moves-toward-intelligent-mail-31944,Postal Service Moves Toward Intelligent Mail,Paul Korzeniowski,"October 25, 2003 2:00 AM PT",Security,TECHNOLOGY SPECIAL REPORT,"The U.S. Postal Service would like to add a new word to the mix of adjectives like ""slow"" and ""inefficient"" that have been used to describe it in the past. The new word is ""intelligent,"" and it symbolizes the high-tech spark that is energizing this old-line government agency. A confluence of factors is pushing the Postal Service to expand its services so it can track not only individual packages, but also individual letters, from the starting point where they enter the system to their ultimate destination.",https://www.technewsworld.com/wp-content/uploads/sites/3/2021/05/email-spam-5.jpg,images/postal-service-moves-toward-intelligent-mail-31944.jpg,https://www.technewsworld.com/story/postal-service-moves-toward-intelligent-mail-31944.html
profile-of-the-superworm-sobig-e-exposed-31321,Profile of the Superworm: SoBig.E Exposed,Jack M. Germain,"August 13, 2003 4:00 AM PT",Security,TECHNOLOGY SPECIAL REPORT,"The SoBig.E worm, released two months ago on the Internet, continues to spread among unprotected computers. Some Internet security analysts fear that this latest variant of the SoBig family -- much like future variants of the new Microsoft Blaster worm that began to proliferate early this week -- will cause long-term threats to Internet security. Unlike the rather simple Blaster, the SoBig.E worm's unique design includes a maintenance channel for future updates and a back door that can provide hackers with access to infected machines.",https://www.technewsworld.com/wp-content/uploads/sites/3/2021/05/virus-6.jpg,images/profile-of-the-superworm-sobig-e-exposed-31321.jpg,https://www.technewsworld.com/story/profile-of-the-superworm-sobig-e-exposed-31321.html
psions-netbook-pro-abandons-epoc-in-favor-of-windows-ce-31758,Psion's NetBook Pro Abandons EPOC in Favor of Windows CE,Kirk L. Kroeker,"October 3, 2003 2:12 PM PT",Technology,,"While fans of the Psion series of PDAs and palmtop computers have hailed the devices as the future of handheld computing, the Psion systems have caught on mainly in Europe, with the European market favoring a clamshell design and a thumb keyboard for its PDAs. However, Psion Teklogix -- a division of parent company Psion PLC -- hopes to change this bias with the NetBook Pro, a task-oriented mobile computing device aimed at the laptop market and designed specifically with business users in mind.",https://www.technewsworld.com/wp-content/uploads/sites/3/2021/05/psion-netbook.jpg,images/psions-netbook-pro-abandons-epoc-in-favor-of-windows-ce-31758.jpg,https://www.technewsworld.com/story/psions-netbook-pro-abandons-epoc-in-favor-of-windows-ce-31758.html
published-code-exposes-windows-flaw-31202,Published Code Exposes Windows Flaw,Jay Lyman,"July 28, 2003 8:37 AM PT",Security,"August 27, 2026 01:40:50 AM","Nine days after Microsoft warned of a widespread Windows flaw, a program to exploit it has been published online by a group based in China, representing one of the shortest times between warning and worm. The exploit code, published by a group known as Xfocus, is not technically a worm itself, but it could be used to create a malicious program that would quickly spread on the widely used Windows platform, much like Code Red, Nimda or Slammer, according to security experts.",https://www.technewsworld.com/wp-content/uploads/sites/3/2021/05/virus-8.jpg,images/published-code-exposes-windows-flaw-31202.jpg,https://www.technewsworld.com/story/published-code-exposes-windows-flaw-31202.html
quntis-light-bar-glow-is-an-upgrade-i-never-expected-180487,Quntis Light Bar Glow: An Upgrade I Never Expected,Jack M. Germain,"August 11, 2026 8:00 AM PT",Reviews,PRODUCT REVIEW,"Jack M. Germain reviews the Quntis Light Bar Glow, a compact monitor lamp that combines desk illumination, ambient backlighting, and wireless controls.",https://www.technewsworld.com/wp-content/uploads/sites/3/2026/08/quntis-glow-light-bar.jpg,images/quntis-light-bar-glow-is-an-upgrade-i-never-expected-180487.jpg,https://www.technewsworld.com/story/quntis-light-bar-glow-is-an-upgrade-i-never-expected-180487.html
rfid-emerges-to-threaten-the-bar-code-31209,RFID Emerges to Threaten the Bar Code,Gene J. Koprowski,"July 29, 2003 7:41 AM PT",Computing,TECHNOLOGY SPECIAL REPORT,"In the film ""The Recruit,"" Colin Farrell portrays a CIA agent who escapes a double agent by removing a radio frequency identification (RFID) tag placed on him and surreptitiously placing it on the collar of a dog he stops to pet on the street. Alhough most of its uses are not as dramatic as those shown in ""The Recruit,"" RFID tags are being used today by corporations to track people and products in just about every major industry. They transform everyday objects -- like cargo containers, car keys and even clothes on the rack at your local shopping mall -- into mini nodes on a network.",https://www.technewsworld.com/wp-content/uploads/sites/3/2021/05/siemens-parcelwatch-1.jpg,images/rfid-emerges-to-threaten-the-bar-code-31209.jpg,https://www.technewsworld.com/story/rfid-emerges-to-threaten-the-bar-code-31209.html
riaa-and-isps-lock-horns-before-congress-31621,RIAA and ISPs Lock Horns Before Congress,John P. Mello Jr.,"September 18, 2003 2:46 PM PT",Technology,,"At a hearing of the U.S. Senate Commerce Committee yesterday, Big Music squared off with ISPs on a bill that would modify how copyright owners can pursue digital pirates through the courts. The bill would require copyright holders to file a civil lawsuit before obtaining a subpoena to gather personal information on alleged music pirates from an ISP. Currently, anyone claiming to be a copyright holder can obtain a subpoena to discover the name, address and telephone number of any Internet user alleged to be infringing a copyright. All the seeker needs to do is file a request with a court clerk, who is required by law to issue it.",https://www.technewsworld.com/wp-content/uploads/sites/3/2021/05/riaa.jpg,images/riaa-and-isps-lock-horns-before-congress-31621.jpg,https://www.technewsworld.com/story/riaa-and-isps-lock-horns-before-congress-31621.html
riaa-details-subpoena-strategy-31372,RIAA Details Subpoena Strategy,Jay Lyman,"August 19, 2003 8:59 AM PT",Security,,"In responding to concerns voiced by U.S. Senator Norm Coleman, the Recording Industry Association of America has detailed its strategy for pursuing and prosecuting ""egregious"" infringers of copyright law. The recording industry group -- which announced in June its plans to seek out and possibly sue individual file traders who use peer-to-peer (P2P) networks to obtain and share copyrighted music -- said in a letter to Coleman that it had requested 1,075 subpoenas through the first week of August.",https://www.technewsworld.com/wp-content/uploads/sites/3/2021/05/music-piracy-5-con.jpg,images/riaa-details-subpoena-strategy-31372.jpg,https://www.technewsworld.com/story/riaa-details-subpoena-strategy-31372.html
riaa-settles-first-lawsuit-against-12-year-old-brianna-lahara-31561,RIAA Settles First Lawsuit Against 12-Year-Old Brianna LaHara,"John P. Mello, Jr.","September 11, 2003 1:59 PM PT",Technology,,"If you're one of the remaining 260 defendants targeted in lawsuits by the Recording Industry Association of America for music piracy on the Internet, don't count on being bailed out of your jam by P2P United. The group, which represents major file-sharing sites on the Net, has pledged to pay the $2,000 settlement in the case of a 12-year-old Manhattan honor student targeted by the RIAA for illegally downloading music. But the group's beneficence will be limited to this single episode, according to P2P United executive director Adam Eisgrau.",https://www.technewsworld.com/wp-content/uploads/sites/3/2021/05/Brianna-LaHara-riaa.jpg,images/riaa-settles-first-lawsuit-against-12-year-old-brianna-lahara-31561.jpg,https://www.technewsworld.com/story/riaa-settles-first-lawsuit-against-12-year-old-brianna-lahara-31561.html
riaa-showdown-set-fcc-rules-blasted-31585,"RIAA Showdown Set, FCC Rules Blasted",Jay Lyman,"September 15, 2003 3:06 PM PT",Security,,"Verizon's U.S. District Court appeal over the subpoena powers granted to the Recording Industry Association of America, to be considered Tuesday, calls into question the music industry group's tactics and highlights privacy concerns. The RIAA has pushed forward with its strategy of pursuing individual Internet subscribers who allegedly trade copyrighted music over peer-to-peer (P2P) networks such as Kazaa and Grokster, filing more than 261 lawsuits against computer users last week.",https://www.technewsworld.com/wp-content/uploads/sites/3/2021/05/riaa-sues-swappers-2.jpg,images/riaa-showdown-set-fcc-rules-blasted-31585.jpg,https://www.technewsworld.com/story/riaa-showdown-set-fcc-rules-blasted-31585.html
riaa-subpoenas-rejected-questioned-31313,"RIAA Subpoenas Rejected, Questioned",Jay Lyman,"August 11, 2003 1:21 PM PT",Security,,"Privacy advocates and foes of the Recording Industry Association of America's campaign to subpoena the names of file-sharing computer users from universities and service providers have won a small battle in the war over online music trading. A U.S. District Court has invalidated the RIAA's subpoenas to two Massachusetts universities. The court upheld arguments by MIT and Boston College that subpoenas requesting information about university students may not be obtained in Washington, D.C., where the RIAA filed the rest of the estimated 1,000-plus subpoenas it has used to seek out illegal file sharers.",https://www.technewsworld.com/wp-content/uploads/sites/3/2021/05/riaa-setback-1.jpg,images/riaa-subpoenas-rejected-questioned-31313.jpg,https://www.technewsworld.com/story/riaa-subpoenas-rejected-questioned-31313.html
rims-world-capable-color-blackberry-7230-arrives-31312,RIM's World-Capable Color BlackBerry 7230 Arrives,Kirk L. Kroeker,"August 11, 2003 11:20 AM PT",Technology,PRODUCT PROFILE,"In an effort to provide businesspeople with an affordable, all-in-one mobile device, T-Mobile USA and Research In Motion have introduced the triband BlackBerry 7230 wireless handheld. For many business travelers, the ability to use the same device for wireless voice and e-mail connectivity while traveling globally would be a big step forward. The new device's GSM/GPRS triband functionality -- coupled with T-Mobile's international presence -- offers seamless wireless coverage, so BlackBerry 7230 customers can make and receive phone calls in more than 100 countries worldwide.",https://www.technewsworld.com/wp-content/uploads/sites/3/2021/05/blackberry-7230-1.jpg,images/rims-world-capable-color-blackberry-7230-arrives-31312.jpg,https://www.technewsworld.com/story/rims-world-capable-color-blackberry-7230-arrives-31312.html
risking-innovation-darpa-in-the-limelight-31385,Risking Innovation: DARPA in the Limelight,David Halperin,"August 21, 2003 3:20 AM PT",Computing,TECHNOLOGY SPECIAL REPORT,"Established in 1958, the Defense Advanced Projects Research Agency -- most commonly known as DARPA -- has played a pivotal role in supporting innovative research, hosting some of the best as well as the strangest research projects, and garnering a reputation as a hugely influential center of intellectual excellence. But the organization has come under increasingly critical scrutiny in those areas where its spirit of scientific adventure has bumped into the hard realities of domestic politics.",https://www.technewsworld.com/wp-content/uploads/sites/3/2021/05/darpa-1.jpg,images/risking-innovation-darpa-in-the-limelight-31385.jpg,https://www.technewsworld.com/story/risking-innovation-darpa-in-the-limelight-31385.html
rugged-computing-the-consumer-trajectory-31405,Rugged Computing: The Consumer Trajectory,Kirk L. Kroeker,"August 22, 2003 2:01 PM PT",Hardware,TECHNOLOGY SPECIAL REPORT,"The rugged-computing industry -- which seeks to make computers compatible with environments that are at odds with delicate electronics -- is one of the fastest-growing segments of the mobile-computing marketplace. Surprisingly, research firm Venture Development estimates the rugged-computing market will reach $6 billion in sales worldwide by 2005. As wireless technology has saturated the computing marketplace over the past few years, field applications have correspondingly flourished. Without rugged-computing technology, these field applications would be hamstrung.",https://www.technewsworld.com/wp-content/uploads/sites/3/2021/05/rugged-computer-1.jpg,images/rugged-computing-the-consumer-trajectory-31405.jpg,https://www.technewsworld.com/story/rugged-computing-the-consumer-trajectory-31405.html
samsung-unveils-fastest-mobile-cpu-on-the-market-31155,Samsung Unveils Fastest Mobile CPU on the Market,Jay Lyman,"July 21, 2003 9:23 AM PT",Hardware,,"Korean electronics giant Samsung has announced a new mobile processor with a clock speed of up to 533 MHz. The company called the new processor the ""world's fastest mobile CPU"" and promised it will offer new functions and services for mobile phones and PDAs. Aberdeen Group chief research officer Peter Kastner told TechNewsWorld that the new CPU will speed and enhance handheld functions, such as encrypting e-mail and compressing digital images. However, he said, Samsung might have difficulty getting the new processor into phones and PDAs other than its own.",https://www.technewsworld.com/wp-content/uploads/sites/3/2021/05/samsung-s3c2440chip-1.jpg,images/samsung-unveils-fastest-mobile-cpu-on-the-market-31155.jpg,https://www.technewsworld.com/story/samsung-unveils-fastest-mobile-cpu-on-the-market-31155.html
sans-institute-names-top-20-software-vulnerabilities-31812,SANS Institute Names Top 20 Software Vulnerabilities,Jay Lyman,"October 9, 2003 10:37 AM PT",Security,,"In an effort to send a clear message through the noise of constant software security warnings, the SysAdmin Audit Network Security (SANS) research group has released its list of the year's top 20 vulnerabilities. The SANS institute -- which divided vulnerabilities into two lists of 10 for Windows and 10 for Unix/Linux -- put Microsoft's IIS and SQL servers, Windows authentication, Internet Explorer and Windows Remote Access Services at the top of the list.",https://www.technewsworld.com/wp-content/uploads/sites/3/2021/05/windows-bugs-1.jpg,images/sans-institute-names-top-20-software-vulnerabilities-31812.jpg,https://www.technewsworld.com/story/sans-institute-names-top-20-software-vulnerabilities-31812.html
sbc-fights-back-over-riaa-subpoenas-31236,SBC Fights Back over RIAA Subpoenas,Jay Lyman,"July 31, 2003 9:29 AM PT",Technology,,"After receiving nearly 200 subpoenas to turn over information about users of its Internet service, communications giant SBC has filed suit against the Recording Industry Association of America (RIAA), calling the subpoenas a misapplication of copyright law. In a U.S. District Court complaint, filed by SBC's Pacific Bell Internet Service in San Francisco, the communications company claimed the RIAA is wrongly using the subpoena powers of the Digital Millennium Copyright Act.",https://www.technewsworld.com/wp-content/uploads/sites/3/2021/05/legal-6.jpg,images/sbc-fights-back-over-riaa-subpoenas-31236.jpg,https://www.technewsworld.com/story/sbc-fights-back-over-riaa-subpoenas-31236.html
sco-claims-copyright-trumps-gpl-31357,SCO Claims Copyright Trumps GPL,Jay Lyman,"August 15, 2003 1:54 PM PT",Computing,,"The legal battle over alleged unauthorized incorporation of Unix source code into Linux is leading to scrutiny of the GNU General Public License that covers the use and distribution of open-source software. In its $3 billion lawsuit against IBM, SCO has claimed commercial users of Linux are benefiting from SCO Unix V source code used by IBM in its AIX system and in Linux. SCO has made copyright claims that it says preempt the stipulations of the GPL, which IBM has invoked in its countersuit claims.",https://www.technewsworld.com/wp-content/uploads/sites/3/2021/05/sco-gpl-linux-1.jpg,,https://www.technewsworld.com/story/sco-claims-copyright-trumps-gpl-31357.html
sco-takes-linux-licensing-fight-further-31166,SCO Takes Linux Licensing Fight Further,Jay Lyman,"July 22, 2003 1:04 PM PT",Computing,,"Despite skepticism from several Linux supporters, Unix software maker SCO has reiterated its claims that the Linux kernel -- versions 2.4.x and later -- incorporates the company's own proprietary source code. SCO has called on Linux users to purchase licenses to avoid copyright infringement. Lindon, Utah-based SCO has been in a legal battle with IBM for the past four months, claiming that Linux contains Unix System V source code and calling Linux ""an unauthorized derivative of Unix.""",https://www.technewsworld.com/wp-content/uploads/sites/3/2021/05/conflict-2.jpg,images/sco-takes-linux-licensing-fight-further-31166.jpg,https://www.technewsworld.com/story/sco-takes-linux-licensing-fight-further-31166.html
sco-vs-ibm-the-other-reality-31479,SCO vs. IBM: The Other Reality,Rob Enderle,"September 2, 2003 2:30 PM PT",Computing,OPINION,"The other day I was asked what the odds were that SCO would win against IBM. On the basis of how the two parties were behaving, I offered a range of between 55 and 65 percent. One of the strongest indications I have that SCO might win is that several of the financial analyst groups who work with me, after reviewing the SCO submissions, have concluded that SCO might actually have the advantage. These firms are relatively unbiased and, generally, if they do have bias, it would typically favor a company like IBM with which they have substantial interest.",https://www.technewsworld.com/wp-content/uploads/sites/3/2021/05/sco-vs-ibm-1.jpg,,https://www.technewsworld.com/story/sco-vs-ibm-the-other-reality-31479.html
sco-yanks-second-ibm-license-31344,SCO Yanks Second IBM License,Jay Lyman,"August 14, 2003 9:13 AM PT",Applications,"August 27, 2026 01:44:56 AM","SCO has broadened its licensing attack against IBM by terminating a Sequent license on the same grounds it used as the basis for its earlier claims against IBM. SCO maintains that its Unix source code was used in Linux and therefore violates SCO's rights. SCO, suing IBM for billions in an intellectual property suit, has claimed that commercial Linux users are willing to pay for a license to continue using the open-source software. However, the company has drawn the ire of most open-source proponents as well as legal return fire from the likes of Linux distributor Red Hat.",https://www.technewsworld.com/wp-content/uploads/sites/3/2021/05/ibm-linux-sco-2.jpg,images/sco-yanks-second-ibm-license-31344.jpg,https://www.technewsworld.com/story/sco-yanks-second-ibm-license-31344.html
scos-evidence-raises-questions-about-case-31386,SCO's Evidence Raises Questions About Case,Jay Lyman,"August 20, 2003 1:28 PM PT",Computing,"August 27, 2026 01:47:01 AM","Responding to doubts about its claim that its Unix source code was illegally incorporated into Linux by IBM, SCO put some of the actual code in question on display for Unix conference attendees this week. Lines of the code, which SCO displayed during a slide presentation on its suit against IBM, apparently have served both to bolster the company's complaints about copyright infringement and to cast doubt on the company's ownership claims.",https://www.technewsworld.com/wp-content/uploads/sites/3/2021/05/sco-undercuts-1.jpg,images/scos-evidence-raises-questions-about-case-31386.jpg,https://www.technewsworld.com/story/scos-evidence-raises-questions-about-case-31386.html
seagate-ships-hard-drives-made-for-video-31469,Seagate Ships Hard Drives Made for Video,Kirk L. Kroeker,"August 29, 2003 3:02 PM PT",Hardware,"August 27, 2026 01:48:53 AM","Hard-drive maker Seagate is shipping new hard drives that use a new digital video standard that, according to the company, makes them better able to store streaming video for digital video recorders. Seagate's new hard drives are among the industry's first to implement the new streaming command-set adopted by the T-13 technical committee, which is responsible for all interface standards relating to the popular ATA storage interface. The company said it will be shipping the new drives to eight DVR makers, including Toshiba, Thomson, Sony and Pioneer.",https://www.technewsworld.com/wp-content/uploads/sites/3/2021/05/hard-drive-generic-2.jpg,images/seagate-ships-hard-drives-made-for-video-31469.jpg,https://www.technewsworld.com/story/seagate-ships-hard-drives-made-for-video-31469.html
sgi-introduces-quad-processor-workstation-21819,SGI Introduces Quad-Processor Workstation,Kirk L. Kroeker,"July 14, 2003 11:23 AM PT",Hardware,PRODUCT PROFILE,"SGI has announced a new workstation designed for visualization, multiprocessing and digital media. Called the Tezro, the workstation can be configured with up to four 700-MHz MIPS RISC processors, each with 4 MB of Level-2 cache. SGI designed the VPro chipset for handling advanced modeling, 3D lighting and large textures. The Tezro also can display large data sets at high resolution and can support four simultaneous, synchronized monitors.",https://www.technewsworld.com/wp-content/uploads/sites/3/2021/05/sgi-tezro-1.jpg,images/sgi-introduces-quad-processor-workstation-21819.jpg,https://www.technewsworld.com/story/sgi-introduces-quad-processor-workstation-21819.html
sgi-removes-code-rebuffs-sco-31769,"SGI Removes Code, Rebuffs SCO",Jay Lyman,"October 6, 2003 9:58 AM PT",Computing,"August 27, 2026 01:56:58 AM","SGI, the latest distributor of Linux under fire from SCO Group and its source-code claims, has met SCO's threat to pull SGI's license for Irix by removing portions of the code in question and counterclaiming that SCO's position is ""absurd."" Mountain View, California-based SGI's vice president of software, Rich Altmaier, wrote in the ""Letter to the Linux Community"" that his company has carried out a ""rigorous internal process to ensure that all software contributed by SGI represents code we are legally entitled to release as open source.""",https://www.technewsworld.com/wp-content/uploads/sites/3/2021/05/sco-sgi.jpg,images/sgi-removes-code-rebuffs-sco-31769.jpg,https://www.technewsworld.com/story/sgi-removes-code-rebuffs-sco-31769.html
sgi-unveils-update-to-opengl-graphics-spec-31208,SGI Unveils Update to OpenGL Graphics Spec,Jay Lyman,"July 28, 2003 2:15 PM PT",Computing,,"Enhancements to the OpenGL application programming interface will mean faster rendering and more realistic graphics in conjunction with the latest graphics hardware, according to SGI, which has unveiled the OpenGL 1.5 specification. SGI and the OpenGL Architecture Review Board said the 1.5 update includes the new OpenGL Shading Language, which will enable graphics cards from any vendor on any platform to use the language. ""OpenGL 1.5 and the OpenGL Shading Language in particular, does for the next generation of graphics what OpenGL did for the first generation in the early 1990s,"" said Shawn Underwood of the Visual Systems Group at SGI.",https://www.technewsworld.com/wp-content/uploads/sites/3/2021/05/sgi-opengl1.5-1.jpg,images/sgi-unveils-update-to-opengl-graphics-spec-31208.jpg,https://www.technewsworld.com/story/sgi-unveils-update-to-opengl-graphics-spec-31208.html
sharp-rolls-out-mebius-pc-rd3d-laptop-with-3d-display-31567,Sharp Rolls Out Mebius PC-RD3D Laptop with 3D Display,Jay Lyman,"September 12, 2003 9:36 AM PT",Hardware,"August 27, 2026 01:51:59 AM","Coming to a notebook near you -- it's 3D display technology from Sharp. But industry observers say it is likely to be a slow start for the Mebius PC-RD3D notebook, which the electronics giant is planning to release in Japan next month and in the United States by the end of the year. Sharp said its 15-inch, three-dimensional LCD display, which allows true 3D viewing without special glasses, controls the direction in which light leaves the display, delivering different images to the left and right eyes.",https://www.technewsworld.com/wp-content/uploads/sites/3/2021/05/sharp-mebius-pc-rd3d.jpg,images/sharp-rolls-out-mebius-pc-rd3d-laptop-with-3d-display-31567.jpg,https://www.technewsworld.com/story/sharp-rolls-out-mebius-pc-rd3d-laptop-with-3d-display-31567.html
sierra-wireless-announces-microsoft-smartphone-for-2004-31799,Sierra Wireless Announces Microsoft Smartphone for 2004,Kirk L. Kroeker,"October 8, 2003 1:42 PM PT",Technology,,"Sierra Wireless has announced a new line of phones that will use Microsoft's Windows Mobile operating system. The first of the Voq line of phones, which will include a flip-open computer-style thumbpad for text entry, is expected to become available in 2004, providing ""compelling voice and data functionality in a single, pocketable device,"" Sierra Wireless said. The Voq phones will use Microsoft's Smartphone software and will include hardware and software innovations for information navigation and retrieval, text entry and e-mail access.",https://www.technewsworld.com/wp-content/uploads/sites/3/2021/05/sierra-smart-phone.jpg,images/sierra-wireless-announces-microsoft-smartphone-for-2004-31799.jpg,https://www.technewsworld.com/story/sierra-wireless-announces-microsoft-smartphone-for-2004-31799.html
small-changes-in-ai-models-can-produce-big-energy-savings-179831,Small Changes in AI Models Can Yield Big Energy Savings,John P. Mello Jr.,"July 16, 2025 5:00 AM PT",Artificial Intelligence,,"A UNESCO report finds that smaller AI models, shorter prompts, and compression can cut energy use by over 90% while improving efficiency and cost savings.",https://www.technewsworld.com/wp-content/uploads/sites/3/2025/02/green-energy-data-center.jpg,images/small-changes-in-ai-models-can-produce-big-energy-savings-179831.jpg,https://www.technewsworld.com/story/small-changes-in-ai-models-can-produce-big-energy-savings-179831.html
sobig-f-piles-on-the-worm-effect-31408,SoBig.F Piles On the Worm Effect,Jay Lyman,"August 22, 2003 2:36 PM PT",Security,,"At the tail end of what could be called this summer's ""Worm Week,"" antivirus and security experts watched carefully as the spreading SoBig.F variant flooded in-boxes around the Internet with millions of virus-laden e-mails. Antivirus researchers said the worm, which was set to activate a barrage of e-mail from infected machines Friday, was not especially alarming but did take advantage of previous worms Blaster and Nachi and generated massive amounts of e-mail during its rampage.",https://www.technewsworld.com/wp-content/uploads/sites/3/2021/05/SoBigF-infects-china.jpg,images/sobig-f-piles-on-the-worm-effect-31408.jpg,https://www.technewsworld.com/story/sobig-f-piles-on-the-worm-effect-31408.html
sobig-fbi-probe-continues-amid-ongoing-concern-31430,SoBig FBI Probe Continues Amid Ongoing Concern,Jay Lyman,"August 26, 2003 10:22 AM PT",Security,,"As law enforcement officials continue their search for the origin of the SoBig.F computer worm that clogged servers and networks last week, security experts are watching for the next variant and worrying that antivirus defenses might be flawed. While the outbreak might have both home and corporate computer users on guard, it is also signaling to some the need for a change in antivirus protection, which is based on a sometimes-slow process of updating virus definitions to identify and block threats.",https://www.technewsworld.com/wp-content/uploads/sites/3/2021/05/SoBigF-infects-china.jpg,images/sobig-fbi-probe-continues-amid-ongoing-concern-31430.jpg,https://www.technewsworld.com/story/sobig-fbi-probe-continues-amid-ongoing-concern-31430.html
socially-intelligent-software-agents-go-mainstream-31172,Socially Intelligent Software: Agents Go Mainstream,Gene J. Koprowski,"July 23, 2003 7:36 AM PT",Applications,TECHNOLOGY SPECIAL REPORT,"Software agents are beginning to emerge from their initial status as a computing and communications curiosity, and are providing customer service on the Net for major companies like Microsoft and Symantec. While the popular conception of an agent is a cartoon character who interacts with a Web site visitor, today's technologies are much more sophisticated than that. Venture investors are eying the agent niche -- and its associated artificial intelligence and linguistics technologies -- as a possible major market opportunity.",https://www.technewsworld.com/wp-content/uploads/sites/3/2021/05/3dimensional-2.jpg,images/socially-intelligent-software-agents-go-mainstream-31172.jpg,https://www.technewsworld.com/story/socially-intelligent-software-agents-go-mainstream-31172.html
sony-unveils-8-megapixel-digital-camera-31358,Sony Unveils 8-Megapixel Digital Camera,Kirk L. Kroeker,"August 15, 2003 2:37 PM PT",Technology,PRODUCT PROFILE,"Sony's digital camera line has reached new resolution levels with the release of the 8-megapixel Cybershot DSC-F828. The new camera is encased in a black, magnesium-alloy body, and is the first to incorporate Sony's recently announced four-color filter technology. Recognizing that current digital cameras borrow a nearly 40-year-old color-reproduction system developed for televisions and computer displays -- namely RGB, standing for red, green and blue -- Sony began developing a new color filter early last year to improve color accuracy.",https://www.technewsworld.com/wp-content/uploads/sites/3/2021/05/sony-dsc-f828-1.jpg,images/sony-unveils-8-megapixel-digital-camera-31358.jpg,https://www.technewsworld.com/story/sony-unveils-8-megapixel-digital-camera-31358.html
sophos-goes-after-zombies-with-new-service-44765,Sophos Goes After Zombies With New Service,Jay Lyman,"July 19, 2005 7:22 AM PT",Security,,"The growing number of compromised computers known as ""zombies,"" as well as the growing danger these hijacked systems and networks can bring, have prompted anti-virus company Sophos to provide a service that finds the often quiet, malicious code. Experts agreed that zombies, which are typically ceded to attackers through software programs such as Trojans, are a growing issue and are adding to spam, denial of service and other attacks and illegal money-making schemes.",https://www.technewsworld.com/wp-content/uploads/sites/3/2021/05/2004-security-1.jpg,,https://www.technewsworld.com/story/sophos-goes-after-zombies-with-new-service-44765.html
space-for-rent-trends-in-colocation-31558,Space for Rent: Trends in Colocation,David Halperin,"September 12, 2003 4:18 AM PT",Security,,"Colocation. Co-location. Colo. Collocation from the Latin collocare. It's one of those words we can't make up our minds how to spell. But they all mean the same thing in IT terms: the practice of housing servers -- usually Web or telecommunications servers -- in secure, well-connected facilities. Strictly speaking, colocation applies to an arrangement in which the customer's own servers are installed on the colocation provider's premises, but management of those servers remains in the hands of their owner.",https://www.technewsworld.com/wp-content/uploads/sites/3/2021/05/web-hosting-1.jpg,images/space-for-rent-trends-in-colocation-31558.jpg,https://www.technewsworld.com/story/space-for-rent-trends-in-colocation-31558.html
spam-filtering-and-the-plague-of-false-positives-31703,Spam Filtering and the Plague of False Positives,Gene J. Koprowski,"September 30, 2003 4:13 AM PT",Hardware,,"Jeff Schwartz recently received an inquiry from a senior executive at a major wireless telephone carrier, asking if he could provide some product information about the software his company produces. ""So I e-mailed it,"" Schwartz told TechNewsWorld. But it never arrived. ""I sent it two more times,"" he said. Still, the message didn't make it through. ""Finally, I printed it out and snail-mailed it to him,"" said Schwartz. The culprit was a spam filter.",https://www.technewsworld.com/wp-content/uploads/sites/3/2021/05/email-spam-1.jpg,images/spam-filtering-and-the-plague-of-false-positives-31703.jpg,https://www.technewsworld.com/story/spam-filtering-and-the-plague-of-false-positives-31703.html
spammers-fight-back-with-denial-of-service-attacks-31688,Spammers Fight Back with Denial-of-Service Attacks,Jay Lyman,"September 26, 2003 9:45 AM PT",Security,"August 27, 2026 01:55:13 AM","In the face of increasingly tougher state and federal law that includes fines as heavy as $1 million and potential jail time, spammers are hitting back by attacking antispam Web sites known for assisting administrators in the fight against unwanted commercial e-mail. The latest activity -- both from lawmakers anxious to crack down on the mass-mailing tactic and from spammers who are employing more aggressive tactics like viruses and denial-of-service attacks -- marks a distinct escalation in the war over spam.",https://www.technewsworld.com/wp-content/uploads/sites/3/2021/05/spam-denial-of-service.jpg,images/spammers-fight-back-with-denial-of-service-attacks-31688.jpg,https://www.technewsworld.com/story/spammers-fight-back-with-denial-of-service-attacks-31688.html
split-decision-on-sco-impact-response-31213,"Split Decision on SCO Impact, Response",Jay Lyman,"July 29, 2003 8:57 AM PT",Computing,"August 27, 2026 01:41:06 AM","The perceived impact of the Linux licensing claims from Unix software maker SCO on enterprise use of the open-source OS, much like the recommended response to SCO, is split, according to industry analysts. The legal posturing in the dispute, which began when SCO filed suit in March against IBM, claiming Unix source code from SCO was unlawfully incorporated into Linux iterations from Big Blue, continued as IBM echoed a legal argument based on the Linux General Public License.",https://www.technewsworld.com/wp-content/uploads/sites/3/2021/05/ibm-linux-sco-2.jpg,images/split-decision-on-sco-impact-response-31213.jpg,https://www.technewsworld.com/story/split-decision-on-sco-impact-response-31213.html
spotlight-forces-exit-of-new-zealand-spam-king-31421,Spotlight Forces Exit of New Zealand Spam King,Jay Lyman,"August 25, 2003 1:21 PM PT",Security,,"A New Zealand man who bore the brunt of the recent backlash against spam has said he is leaving the business that fills e-mail boxes with solicitations and suspect messages. After an article in a local newspaper identified him as a major spammer, Shane Atkinson said he was inundated with threatening phone calls and had his personal information posted on the Internet. Atkinson's outing might have been more effective at deterring the ""spam king"" than any of the many U.S. legislative efforts to stem the tide of unwanted e-mail.",https://www.technewsworld.com/wp-content/uploads/sites/3/2021/05/spammer-running-1.jpg,images/spotlight-forces-exit-of-new-zealand-spam-king-31421.jpg,https://www.technewsworld.com/story/spotlight-forces-exit-of-new-zealand-spam-king-31421.html
spreading-sobig-f-variant-fastest-outbreak-ever-31393,Spreading SoBig.F Variant Fastest Outbreak Ever,Jay Lyman,"August 21, 2003 8:36 AM PT",Security,,"The spread of the latest SoBig computer worm variant, called SoBig.F, now is being called the fastest outbreak ever. The worm marks the continuation of a recent onslaught of attacks that included previous worms Nachi and Blaster. Security experts said SoBig.F has spread rapidly across North America, Europe and Asia because users were duped by its ability to spoof the sender, which makes the worm appear to come from a known source. The SoBig variant marks a trend of junk e-mail or spamming tools used in concert with computer worms.",https://www.technewsworld.com/wp-content/uploads/sites/3/2021/05/microsoft-worm-1.jpg,images/spreading-sobig-f-variant-fastest-outbreak-ever-31393.jpg,https://www.technewsworld.com/story/spreading-sobig-f-variant-fastest-outbreak-ever-31393.html
sprint-releases-new-phone-enabled-pocket-pc-31183,Sprint Releases New Phone-Enabled Pocket PC,Jay Lyman,"July 24, 2003 8:07 AM PT",Computing,,"Sprint has unveiled a Windows Mobile-based PCS phone -- developed by Hitachi -- that touts the familiarity of the Microsoft Windows computing environment and the ability to communicate and connect to the Internet in a single, converged device. The Hitachi G1000 combines the Pocket PC Phone Edition operating system with Sprint's nationwide network and all the capabilities of a PCS phone. The company sees the device as an evolutionary step forward in converged devices, Sprint spokesperson Suzanne Lammers told TechNewsWorld.",https://www.technewsworld.com/wp-content/uploads/sites/3/2021/05/hitachi-g1000pcsph-2.jpg,images/sprint-releases-new-phone-enabled-pocket-pc-31183.jpg,https://www.technewsworld.com/story/sprint-releases-new-phone-enabled-pocket-pc-31183.html
sun-and-suse-ally-on-java-linux-31249,"Sun and SuSE Ally on Java, Linux",Jay Lyman,"August 1, 2003 9:02 AM PT",Computing,,"Users of Sun Microsystems' hardware will now have another open-source software option thanks to an alliance between Sun and SuSE. Sun will sell and support SuSE Linux Enterprise Server 8 on Sun's x86 systems. According to the deal, SuSE will become a Java 2 Standard Edition licensee and will distribute Sun's Java Virtual Machine application environment with its line of Linux products. The move is part of Sun's open-source strategy and the company's overt recognition of the growing market for Linux systems.",https://www.technewsworld.com/wp-content/uploads/sites/3/2021/05/sun-suse-linux-java-1.jpg,images/sun-and-suse-ally-on-java-linux-31249.jpg,https://www.technewsworld.com/story/sun-and-suse-ally-on-java-linux-31249.html
suns-solaris-update-includes-open-source-option-31228,Sun's Solaris Update Includes Open-Source Option,Jay Lyman,"July 30, 2003 1:56 PM PT",Hardware,,"The latest update to Sun Microsystems' Solaris operating system includes the option of using the open-source Gnome desktop interface, but the network computing giant is still sending mixed signals on open source and Linux, according to industry analysts. After all, the default user interface will still be Sun's Common Desktop Environment. The release, called Solaris 9 8/03, is scheduled for August 13th and will include support for Sparc- and x86-based systems.",https://www.technewsworld.com/wp-content/uploads/sites/3/2021/05/gnome-sun-microsystems-1.jpg,images/suns-solaris-update-includes-open-source-option-31228.jpg,https://www.technewsworld.com/story/suns-solaris-update-includes-open-source-option-31228.html
super-cool-ibm-links-cryogenic-modules-to-scale-quantum-computing-180508,Super Cool: IBM Links Quantum Fridges in Push to Scale Qubits,John P. Mello Jr.,"August 19, 2026 5:00 AM PT",Emerging Tech,,IBM’s linked cryogenic modules mark a step toward scaling quantum computers as it pursues fault-tolerant Quantum Starling by 2029.,https://www.technewsworld.com/wp-content/uploads/sites/3/2025/06/IBM-Quantum-Starling-Render.jpg,images/super-cool-ibm-links-cryogenic-modules-to-scale-quantum-computing-180508.jpg,https://www.technewsworld.com/story/super-cool-ibm-links-cryogenic-modules-to-scale-quantum-computing-180508.html
superpowered-pdas-challenge-the-laptop-platform-31785,Superpowered PDAs Challenge the Laptop Platform,Brian R. Hook,"October 8, 2003 4:11 AM PT",Technology,,"PDAs are getting more and more powerful. But will superpowered PDAs eventually lead to the death of laptop computers? That's highly unlikely, at least according to many tech users who use both PDAs and laptops regularly. TechNewsWorld interviewed several people in the industry to get a feel for where the mobile computing marketplace is headed. The bottom line, according to one consultant, is that the laptop, with its myriad configuration options and ease of use, will be here for quite some time.",https://www.technewsworld.com/wp-content/uploads/sites/3/2021/05/handspring-edge-1.jpg,images/superpowered-pdas-challenge-the-laptop-platform-31785.jpg,https://www.technewsworld.com/story/superpowered-pdas-challenge-the-laptop-platform-31785.html
swen-worm-infects-over-1-5-million-computers-31632,Swen Worm Infects Over 1.5 Million Computers,Jay Lyman,"September 19, 2003 4:32 PM PT",Security,,"The Swen computer worm is turning out to be a bigger problem than previously expected, using a brief head start on computer antivirus defenses, as well as complex abilities and an effective masquerade, to infect Windows machines and spread via e-mail to many users. The worm, also known as ""Gibe"" or its more technical name of ""w32.swen@mm,"" takes advantage of a well-known vulnerability in Internet Explorer that was first announced in March 2001.",https://www.technewsworld.com/wp-content/uploads/sites/3/2021/05/swen-worm.jpg,images/swen-worm-infects-over-1-5-million-computers-31632.jpg,https://www.technewsworld.com/story/swen-worm-infects-over-1-5-million-computers-31632.html
symantec-exec-named-u-s-internet-security-chief-31593,Symantec Exec Named U.S. Internet Security Chief,Jay Lyman,"September 16, 2003 10:27 AM PT",Security,,"Hoping to synchronize better with IT security's private sector, the U.S. Department of Homeland Security has enlisted Symantec vice president for managed services Amit Yoran as director of its cyber security division and has forged a partnership with the CERT Coordination Center to speed warning and response time. Security industry leaders praised both moves and said they have been waiting for more guidance from the government while at the same time pushing forward on their own in defending computer networks from intruders.",https://www.technewsworld.com/wp-content/uploads/sites/3/2021/05/amit-yoran.jpg,images/symantec-exec-named-u-s-internet-security-chief-31593.jpg,https://www.technewsworld.com/story/symantec-exec-named-u-s-internet-security-chief-31593.html
symantec-more-computer-attacks-use-blended-tactics-31725,Symantec: More Computer Attacks Use Blended Tactics,Jay Lyman,"October 1, 2003 9:59 AM PT",Security,,"Reinforcing the message that can be easily inferred from recent virus and worm outbreaks, security giant Symantec has reported that attacks on company computers -- up 19 percent to an average of 38 attacks per business per week -- increasingly are using a potent combination of disclosed security vulnerabilities and complex computer worms to hit systems. The latest Internet Security Threat Report warns companies to extend security beyond public systems because scans increasingly target nonpublic services.",https://www.technewsworld.com/wp-content/uploads/sites/3/2021/05/symantec-1b.jpg,images/symantec-more-computer-attacks-use-blended-tactics-31725.jpg,https://www.technewsworld.com/story/symantec-more-computer-attacks-use-blended-tactics-31725.html
symantec-preempts-virus-fight-on-handhelds-31419,Symantec Preempts Virus Fight on Handhelds,Jay Lyman,"August 25, 2003 9:13 AM PT",Security,,"Antivirus giant Symantec is touting features like centralized management and wireless Web updates in its new AntiVirus for Handhelds line that will be available in consumer and corporate versions beginning in September. Symantec joins other antivirus and security companies, including Network Associates, Trend Micro and Computer Associates, that have aimed their defense against viruses, worms and other malicious code at smaller, handheld devices, such as PDAs.",https://www.technewsworld.com/wp-content/uploads/sites/3/2021/05/symantec-pda-antivirus.jpg,images/symantec-preempts-virus-fight-on-handhelds-31419.jpg,https://www.technewsworld.com/story/symantec-preempts-virus-fight-on-handhelds-31419.html
technology-recycling-costs-and-consequences-31624,Technology Recycling Costs and Consequences,Diane Stresing,"September 20, 2003 1:30 AM PT",Hardware,"August 27, 2026 01:53:46 AM","Technology's global impact is hardly limited to Internet communication and speedier business cycles. One uncelebrated truth about the information age is that hundreds of thousands of electronic items are disposed of daily -- and not always properly. Unfortunately, in spite of growing awareness regarding electronics recycling, a disturbing number of five-year-old computers are dumped daily. Waste Electrical and Electronics Equipment constitutes the fastest-growing waste stream. According to the EPA, more than 4.6 million tons of e-waste landed in U.S. landfills in 2000.",https://www.technewsworld.com/wp-content/uploads/sites/3/2021/05/recycle-computer-1.jpg,images/technology-recycling-costs-and-consequences-31624.jpg,https://www.technewsworld.com/story/technology-recycling-costs-and-consequences-31624.html
the-future-of-human-knowledge-the-semantic-web-31199,The Future of Human Knowledge: The Semantic Web,Gene J. Koprowski,"July 28, 2003 7:32 AM PT",Security,TECHNOLOGY SPECIAL REPORT,"Under an interdisciplinary project collectively known as the Semantic Web, computer scientists around the world are working on ways to revolutionize the Internet. The researchers -- from Europe, Asia and the United States -- are developing standards, protocols and technologies that will advance the development of a more meaning-oriented Web. ""The aim of the Semantic Web efforts is to be able to find and access Web sites and Web resources not by keywords, as Google does today, but by descriptions of their contents and capabilities,"" Jerry Hobbs, a computer scientist at the University of Southern California, told TechNewsWorld.",https://www.technewsworld.com/wp-content/uploads/sites/3/2021/05/webdevelopers-1.jpg,images/the-future-of-human-knowledge-the-semantic-web-31199.jpg,https://www.technewsworld.com/story/the-future-of-human-knowledge-the-semantic-web-31199.html
the-ibot-wheelchair-for-a-new-era-31733,"The iBot, Wheelchair for a New Era",Brian R. Hook,"October 2, 2003 4:12 AM PT",Hardware,PRODUCT PROFILE,"The iBOT mobility system, called the Ferrari of wheelchairs, is now helping disabled users break through physical barriers. The iBOT can climb stairs, bump up curbs, glide through gravel and even elevate a seated passenger to reach the top shelf at a grocery store. To help get the iBOT out on the market, the Food and Drug Administration expedited the review of the wheelchair. ""It can help improve the quality of life of many people who use wheelchairs by enabling them to manage stairs, reach high shelves and hold eye-level conversations,"" said FDA Commissioner Mark McClellan.",https://www.technewsworld.com/wp-content/uploads/sites/3/2021/05/ibot-1.jpg,images/the-ibot-wheelchair-for-a-new-era-31733.jpg,https://www.technewsworld.com/story/the-ibot-wheelchair-for-a-new-era-31733.html
the-insiders-guide-to-overclocking-31619,The Insider's Guide to Overclocking,Jack M. Germain,"September 19, 2003 4:12 AM PT",Hardware,TECHNOLOGY SPECIAL REPORT,"Computer hobbyists for years have tweaked their computers' innards to squeeze out extra bits of performance. Known as overclocking, the practice has long been a holy grail to users who demand maximum performance from their systems. But overclocking a system poses hazards to the hardware, making the process a risky one for business users. Because of the potential for system failures, analysts say overclocking is not widespread in enterprise environments. Still, many SOHO and small business users are likely to try boosting system performance as an alternative to upgrading.",https://www.technewsworld.com/wp-content/uploads/sites/3/2021/05/innovation-03-chip.jpg,images/the-insiders-guide-to-overclocking-31619.jpg,https://www.technewsworld.com/story/the-insiders-guide-to-overclocking-31619.html
the-new-world-of-global-internet-expansion-31179,The New World of Global Internet Expansion,Gene J. Koprowski,"July 23, 2003 2:40 PM PT",Computing,TECHNOLOGY SPECIAL REPORT,"Last year, the growth of the Internet backbone slowed dramatically as network providers around the globe, including KPNQwest, Carrier1 and Energis, reduced bandwidth capacity and, in some cases, brought down certain data pipelines altogether. Since the birth of the Web browser, international Internet bandwidth had doubled each year -- until last year's mere 30 percent increase, a massive decline from 2001's run-up rate of almost 200 percent.",https://www.technewsworld.com/wp-content/uploads/sites/3/2021/05/binarycode-1.jpg,images/the-new-world-of-global-internet-expansion-31179.jpg,https://www.technewsworld.com/story/the-new-world-of-global-internet-expansion-31179.html
the-problem-with-zuckerbergs-vision-of-personal-superintelligence-180500,Can Meta Deliver Zuckerberg’s Personal Superintelligence Vision?,Rob Enderle,"August 17, 2026 5:00 AM PT",Artificial Intelligence,OPINION,Rob Enderle examines the tension between Mark Zuckerberg’s personal vision of superintelligence and Meta’s potential to become a powerful AI gatekeeper.,https://www.technewsworld.com/wp-content/uploads/sites/3/2026/08/personal-ai-superintelligence.jpg,images/the-problem-with-zuckerbergs-vision-of-personal-superintelligence-180500.jpg,https://www.technewsworld.com/story/the-problem-with-zuckerbergs-vision-of-personal-superintelligence-180500.html
toward-federated-identity-management-31809,Toward Federated Identity Management,Andre Durand & Eric Norlin,"October 10, 2003 4:12 AM PT",Computing,,The 1990s witnessed the adoption of IT systems designed to streamline business processes through electronic automation. The introduction of these systems has challenged enterprises with how to integrate and maintain an increasing number of distributed networks and platforms. The challenge of managing these systems has resulted in a complex IT dilemma -- how to control costs and maintain security while increasing access to information.,https://www.technewsworld.com/wp-content/uploads/sites/3/2021/05/email-6.jpg,images/toward-federated-identity-management-31809.jpg,https://www.technewsworld.com/story/toward-federated-identity-management-31809.html
update-how-to-patch-ie-against-the-qhost-1-trojan-31756,UPDATE: How To Patch IE Against the Qhost-1 Trojan,Jay Lyman,"October 3, 2003 12:47 PM PT",Security,,"While certain Web sites are taking advantage of a vulnerability in Internet Explorer, Microsoft has yet to release an update that can patch exposed systems. However, in the meantime, there are manual workarounds that users can employ to protect their systems against the Qhost-1 Trojan. ""You can help protect against by changing your settings for the Internet security zone to prompt before running ActiveX components,"" Microsoft said in a recently updated version of its security bulletin.",https://www.technewsworld.com/wp-content/uploads/sites/3/2021/05/qhost-1-trojan-1.jpg,images/update-how-to-patch-ie-against-the-qhost-1-trojan-31756.jpg,https://www.technewsworld.com/story/update-how-to-patch-ie-against-the-qhost-1-trojan-31756.html
update-sierra-wireless-partners-with-microsoft-on-voq-smartphone-31818,UPDATE: Sierra Wireless Partners with Microsoft on Voq Smartphone,Kirk L. Kroeker,"October 10, 2003 6:52 AM PT",Computing,"August 27, 2026 01:58:56 AM","Sierra Wireless has announced a new line of phones that will use Microsoft's Windows Mobile operating system. The first of the Voq line of phones, which will include a flip-open computer-style thumbpad for text entry, is expected to become available in 2004, providing ""compelling voice and data functionality in a single, pocketable device,"" Sierra Wireless said. The Voq phones will use Microsoft's Smartphone software and will include hardware and software innovations for information navigation and retrieval, text entry and e-mail access.",https://www.technewsworld.com/wp-content/uploads/sites/3/2021/05/sierra-voq.jpg,images/update-sierra-wireless-partners-with-microsoft-on-voq-smartphone-31818.jpg,https://www.technewsworld.com/story/update-sierra-wireless-partners-with-microsoft-on-voq-smartphone-31818.html
update-verisign-suspends-sitefinder-service-31772,UPDATE: VeriSign Suspends SiteFinder Service,Jay Lyman,"October 6, 2003 11:58 AM PT",Hardware,,"In a letter sent to VeriSign on Friday, ICANN CEO Paul Twomey told the domain registry that it had until 6 PM Saturday to comply with a request to take down the SiteFinder service. At some point on Saturday, VeriSign complied with the request and turned off the redirection service for mistyped .com and .net domains. Having failed to convince VeriSign to suspend its Web redirection service that began September 15th, the body that oversees all domain registrars pointed to contract violations and demanded that VeriSign halt the service.",https://www.technewsworld.com/wp-content/uploads/sites/3/2021/05/verisign-1.jpg,images/update-verisign-suspends-sitefinder-service-31772.jpg,https://www.technewsworld.com/story/update-verisign-suspends-sitefinder-service-31772.html
upgrade-and-archive-the-ongoing-threat-of-data-extinction-31436,Upgrade and Archive: The Ongoing Threat of Data Extinction,Brian R. Hook,"August 28, 2003 4:23 AM PT",Applications,TECHNOLOGY SPECIAL REPORT,Keeping paper documents intact for years and years has become a matter of routine for historians and archivists trying to keep a record of history. But saving digital information is turning out to breed its own set of unique challenges. Because digital files depend on their context -- such as the operating systems in which they are stored and the applications that create and access them -- users must typically keep all elements of that context to access old digital documents.,https://www.technewsworld.com/wp-content/uploads/sites/3/2021/05/chips-technology-02.jpg,images/upgrade-and-archive-the-ongoing-threat-of-data-extinction-31436.jpg,https://www.technewsworld.com/story/upgrade-and-archive-the-ongoing-threat-of-data-extinction-31436.html
verisign-claims-sitefinder-does-not-undermine-stability-of-net-31789,VeriSign Claims SiteFinder Does Not Undermine Stability of Net,John P. Mello Jr.,"October 7, 2003 7:22 PM PT",Applications,,"Infrastructure bad boy VeriSign defended itself today, asserting it could find no evidence that its controversial SiteFinder redirector service had compromised the stability, security or performance of the Internet. ""VeriSign conducted extensive evaluation and testing of the service both internally and externally and with the assistance of third-party experts,"" the company said in a statement. ""The prelaunch testing results indicated, and current operational data confirms, no impact to the stability of the Internet.""",https://www.technewsworld.com/wp-content/uploads/sites/3/2021/05/verisign-2.jpg,images/verisign-claims-sitefinder-does-not-undermine-stability-of-net-31789.jpg,https://www.technewsworld.com/story/verisign-claims-sitefinder-does-not-undermine-stability-of-net-31789.html
verisign-wildcard-service-brings-call-to-stop-lawsuit-31639,"VeriSign Wildcard Service Brings Call To Stop, Lawsuit",Jay Lyman,"September 22, 2003 9:52 AM PT",Computing,,"Consternation over VeriSign's plan to redirect mistyped or nonexistent domain name requests has progressed to a call from the International Corporation for Assigned Names and Numbers to suspend the service and a $100 million lawsuit from a company claiming damages from it. VeriSign's new ""wildcard"" service, called SiteFinder, is intended to return useful information rather than the standard domain-not-found error message when Internet users type in a misspelled or unregistered domain name.",https://www.technewsworld.com/wp-content/uploads/sites/3/2021/05/verisign-2.jpg,images/verisign-wildcard-service-brings-call-to-stop-lawsuit-31639.jpg,https://www.technewsworld.com/story/verisign-wildcard-service-brings-call-to-stop-lawsuit-31639.html
verisigns-move-to-redirect-domain-errors-comes-under-fire-31608,VeriSign's Move To Redirect Domain Errors Comes Under Fire,Jay Lyman,"September 17, 2003 3:52 PM PT",Security,,"The Internet community is failing to see the value of domain giant VeriSign's SiteFinder service, which redirects users to a VeriSign site instead of producing the traditional error message for mistyped or nonexistent Internet addresses. The service, known as ""wildcard"" functionality, is fouling efforts to block unwanted e-mail, or spam, and is being vilified as a departure from accepted practice and a danger to Internet security by many spam fighters and network administrators.",https://www.technewsworld.com/wp-content/uploads/sites/3/2021/05/verisign-1.jpg,images/verisigns-move-to-redirect-domain-errors-comes-under-fire-31608.jpg,https://www.technewsworld.com/story/verisigns-move-to-redirect-domain-errors-comes-under-fire-31608.html
verizon-customer-fights-riaa-as-piracy-crusade-moves-north-31346,Verizon Customer Fights RIAA as Piracy Crusade Moves North,John P. Mello Jr.,"August 14, 2003 1:41 PM PT",Security,,"A Verizon customer in the United States has decided to singlehandedly fight the recording industry's crusade to pry from Internet service providers the names of Web surfers who share music and video files online. The customer, whose identity has not been revealed, appears to be the first consumer to challenge the Recording Industry Association of America's identity grab. Meanwhile, north of the border, a more benign campaign against piracy was announced by the music association's Canadian counterpart.",https://www.technewsworld.com/wp-content/uploads/sites/3/2021/05/riaa-setback-1.jpg,images/verizon-customer-fights-riaa-as-piracy-crusade-moves-north-31346.jpg,https://www.technewsworld.com/story/verizon-customer-fights-riaa-as-piracy-crusade-moves-north-31346.html
virginia-tech-building-power-mac-g5-supercomputer-31485,Virginia Tech Building Power Mac G5 Supercomputer,Jay Lyman,"September 3, 2003 10:08 AM PT",Computing,"August 27, 2026 01:49:35 AM","Using several new technologies and more than 1,000 dual-processor Power Mac G5 computers, Virginia Tech University is building a supercomputer cluster that is likely to rank among the fastest in the world. In addition to the G5 machines, the university said it is using a beta version of the latest release of OS X, new networking hardware from Mellanox and Cisco, and cutting-edge configuration and cooling technologies to build the powerful cluster for a fraction of the price of a traditional supercomputer.",https://www.technewsworld.com/wp-content/uploads/sites/3/2021/05/power-mac-supercomputer.jpg,images/virginia-tech-building-power-mac-g5-supercomputer-31485.jpg,https://www.technewsworld.com/story/virginia-tech-building-power-mac-g5-supercomputer-31485.html
waymo-offers-glimpse-of-autonomous-chrysler-minivans-84187,Waymo Offers Glimpse of Autonomous Chrysler Minivans,David Jones,"December 20, 2016 12:11 PM PT",Transportation,,"Waymo, the standalone venture that emerged from Google's self-driving car project, on Monday unveiled a fleet of 100 Chrysler Pacifica hybrid minivans with the latest high-tech sensors, telematics, and other gear designed for fully autonomous operation. Modifications were made to several parts of the Pacifica -- including its electrical, powertrain, chassis and structural systems -- to optimize it for fully autonomous driving. With the additional computer equipment, the cars will undergo more challenging tests.",https://www.technewsworld.com/wp-content/uploads/sites/3/2021/05/xl-2016-waymo-1.jpg,images/waymo-offers-glimpse-of-autonomous-chrysler-minivans-84187.jpg,https://www.technewsworld.com/story/waymo-offers-glimpse-of-autonomous-chrysler-minivans-84187.html
web-services-interoperability-gets-boost-toward-standardization-31336,Web Services Interoperability Gets Boost Toward Standardization,Jay Lyman,"August 13, 2003 1:52 PM PT",Applications,,"Interoperability of different Web services specifications came closer to fruition with this week's release of the Basic Profile 1.0 by the Web Services Interoperability (WS-I) organization. Covering commonly used Web services specifications, the Basic Profile provides guidelines for how core Web services specs should be used together if they are to be interoperable. WS-I chairman Tom Glover, who is also an IBM engineer, called the Basic Profile a common framework for implementing interoperable solutions and a common reference point for purchasing decisions.",https://www.technewsworld.com/wp-content/uploads/sites/3/2021/05/web-services-1.jpg,images/web-services-interoperability-gets-boost-toward-standardization-31336.jpg,https://www.technewsworld.com/story/web-services-interoperability-gets-boost-toward-standardization-31336.html
why-makululinux-ai-os-became-my-new-daily-driver-177752,MakuluLinux AI-OS Puts AI at the Core of the Linux Desktop,publisher,2026-07-29T17:00:23+00:00,Reviews,"August 27, 2026 01:18:20 AM","After weeks of testing, Jack M. Germain finds MakuluLinux AI-OS delivers one of the most deeply integrated AI experiences yet available on a Linux desktop.",https://www.technewsworld.com/wp-content/uploads/sites/3/2026/07/makululinux-ai-os-desktop.jpg,images/why-makululinux-ai-os-became-my-new-daily-driver-177752.jpg,https://www.technewsworld.com/story/why-makululinux-ai-os-became-my-new-daily-driver-177752.html
will-microsoft-miss-the-ai-wearables-opportunity-180496,Project Solara Tests Microsoft’s AI Device Strategy,Brett Faulk,"August 13, 2026 8:45 AM PT",Wearable Tech,ANALYST COMMENTARY,Tech analyst Brett Faulk examines Microsoft’s Project Solara and whether hardware partners will see enough opportunity in AI devices to take the risk.,https://www.technewsworld.com/wp-content/uploads/sites/3/2026/08/steven-batchie-project-solara-microsoft-build.jpg,images/will-microsoft-miss-the-ai-wearables-opportunity-180496.jpg,https://www.technewsworld.com/story/will-microsoft-miss-the-ai-wearables-opportunity-180496.html
windows-attack-tools-circulate-another-virus-feared-31603,"Windows Attack Tools Circulate, Another Virus Feared",Jay Lyman,"September 17, 2003 9:57 AM PT",Security,,"Following the same pattern of predictions as the one that led to last month's devastating Blaster worm, security analysts have begun to focus on the new crop of Microsoft Windows vulnerabilities and the attack tools created to take advantage of them -- all of which could indicate that a potential new family of computer worms is in the works. One week after Microsoft warned of new vulnerabilities in Windows' Remote Procedure Call protocol, attack code already is being circulated on the Internet.",https://www.technewsworld.com/wp-content/uploads/sites/3/2021/05/windows-rpc-vulnerability.jpg,images/windows-attack-tools-circulate-another-virus-feared-31603.jpg,https://www.technewsworld.com/story/windows-attack-tools-circulate-another-virus-feared-31603.html
windows-threat-realized-blaster-worm-spreads-31315,Windows Threat Realized - Blaster Worm Spreads,Jay Lyman,"August 12, 2003 7:48 AM PT",Security,,"A widely anticipated threat materialized this week as a worm that exploits a Microsoft Windows flaw began infecting some of the millions of vulnerable machines around the world. Experts said the relatively simple ""Blaster"" worm -- also referred to as ""LoveSan"" -- was spreading at a steady pace Monday but was not infecting systems as quickly as the Nimda and Slammer worms, which quickly clogged corporate networks during those outbreaks. The worm is not carrying a malicious payload to damage machines or data.",https://www.technewsworld.com/wp-content/uploads/sites/3/2021/05/virus-9.jpg,images/windows-threat-realized-blaster-worm-spreads-31315.jpg,https://www.technewsworld.com/story/windows-threat-realized-blaster-worm-spreads-31315.html
windows-vulnerability-scans-increase-worm-likely-to-follow-31296,Windows Vulnerability Scans Increase - Worm Likely To Follow,Jay Lyman,"August 8, 2003 9:02 AM PT",Security,,"New coded exploits that take advantage of a widespread Microsoft Windows vulnerability have been posted online. By most reports, malicious scans to expose vulnerable systems are running rampant a week after government warnings regarding the flaw. Security experts said the scans for the vulnerability -- which involves a flaw in the Remote Procedure Call (RPC) protocol that could allow malicious users to execute code remotely -- are continuing amid actual attacks.",https://www.technewsworld.com/wp-content/uploads/sites/3/2021/05/windows-rpc-vulnerability.jpg,images/windows-vulnerability-scans-increase-worm-likely-to-follow-31296.jpg,https://www.technewsworld.com/story/windows-vulnerability-scans-increase-worm-likely-to-follow-31296.html
worlds-in-transition-it-in-eastern-europe-31510,Worlds in Transition: IT in Eastern Europe,David Halperin,"September 6, 2003 1:30 AM PT",Computing,TECHNOLOGY SPECIAL REPORT,"Only 15 years ago, we watched in amazement while the rusty iron curtain collapsed and the formerly communist countries of Eastern Europe embarked on new lives in the global market. For most of us, this neglected region stretching from the Baltic to the Balkans then retreated to the fringes of our attention. Yet the region is very close to Western Europe, with a population of many millions -- skilled and educated workers -- and an entrepreneurial spirit fired by years of pent-up demand.",https://www.technewsworld.com/wp-content/uploads/sites/3/2021/05/europe-7.jpg,images/worlds-in-transition-it-in-eastern-europe-31510.jpg,https://www.technewsworld.com/story/worlds-in-transition-it-in-eastern-europe-31510.html
worm-takes-toll-microsoft-attack-set-31334,"Worm Takes Toll, Microsoft Attack Set",Jay Lyman,"August 13, 2003 10:50 AM PT",Security,"August 27, 2026 01:44:36 AM","As some antivirus vendors raised their alert rating on a Windows worm that has infected thousands of home and corporate computers, the spreading code continued to take over machines that might be used in an attack on Microsoft. The worm -- referred to as MS Blast, Blaster and LovSan -- does not require that users inadvertantly launch any executable file for their systems to become infected. The worm has spread over the Internet to thousands of Windows PCs -- millions of which are likely vulnerable, according to experts.",https://www.technewsworld.com/wp-content/uploads/sites/3/2021/05/microsoft-worm-1.jpg,images/worm-takes-toll-microsoft-attack-set-31334.jpg,https://www.technewsworld.com/story/worm-takes-toll-microsoft-attack-set-31334.html
zen-and-the-art-of-being-happy-with-microsoft-31853,Zen and the Art of Being Happy with Microsoft,Rob Enderle,"October 14, 2003 11:58 AM PT",Applications,OPINION,"It might surprise you to know that, by survey, Microsoft has about 120 million happy customers. I'm guessing that, if you are reading this column, you probably aren't one of them. You might also be surprised to know that Microsoft surveys as one of the most-trusted vendors in the industry, and you likely wouldn't be surprised to hear that the company also surveys as one of the least-trusted vendors. I have never seen another company that has an installed base so divided into these two extremes.",https://www.technewsworld.com/wp-content/uploads/sites/3/2021/05/menonline-1.jpg,images/zen-and-the-art-of-being-happy-with-microsoft-31853.jpg,https://www.technewsworld.com/story/zen-and-the-art-of-being-happy-with-microsoft-31853.html
zone-labs-introduces-security-tool-for-instant-messaging-31337,Zone Labs Introduces Security Tool for Instant Messaging,Kirk L. Kroeker,"August 13, 2003 2:31 PM PT",Applications,PRODUCT PROFILE,"Security software developer Zone Labs announced IMsecure Pro, a security package that the company is calling the first comprehensive instant messaging security system for the most popular messaging services, such as AOL Instant Messenger, MSN Messenger and Yahoo Messenger. IMsecure Pro is designed to ensure that IM conversations are private and secure, protecting PCs and personal information from spammers, identity thieves, hackers and predators who exploit vulnerable IM connections.",https://www.technewsworld.com/wp-content/uploads/sites/3/2021/05/zone-labs-imsecure-1.jpg,images/zone-labs-introduces-security-tool-for-instant-messaging-31337.jpg,https://www.technewsworld.com/story/zone-labs-introduces-security-tool-for-instant-messaging-31337.html
